ID,gender,age,region,tenure,contract_type,monthly_fee,total_usage,support_calls,churn
1739,Male,67,Seoul,6,Two-year,93.68,119.3,1,1
549,Female,63,Rural,46,One-year,35.52,191.6,2,0
937,Female,21,Metro,20,Month-to-month,89.06,11.1,2,1
1390,Male,46,Seoul,25,One-year,91.51,20.8,1,1
1608,Male,40,Rural,45,Month-to-month,63.69,22.2,3,1
1940,Male,27,Rural,56,One-year,38.55,157.5,2,0
1482,Male,22,Seoul,49,Month-to-month,60.25,147.8,2,0
183,Female,60,Metro,17,Two-year,55.14,47.8,1,1
1941,Male,21,Rural,54,One-year,38.55,69.2,1,0
1161,Female,54,Metro,4,Two-year,57.56,159.1,3,0
171,Female,51,Metro,51,Month-to-month,74.41,118.7,4,1
293,Male,56,Seoul,25,Month-to-month,75.8,14.8,3,1
562,Male,55,Seoul,9,Two-year,58.56,192.3,0,0
1457,Female,23,Seoul,3,One-year,105.81,124.3,1,1
1877,Male,54,Metro,16,One-year,46.46,132.3,1,0
1652,Female,43,Rural,50,Month-to-month,117.69,46.7,0,1
850,Female,55,Seoul,42,One-year,56.0,158.8,1,0
273,Female,60,Rural,34,Month-to-month,76.77,100.4,1,1
1550,Female,65,Metro,47,One-year,104.77,23.6,3,1
1035,Male,41,Seoul,31,One-year,93.04,29.2,3,1
1744,Male,39,Metro,41,Two-year,64.66,69.6,4,1
372,Female,68,Seoul,58,Month-to-month,106.36,170.2,1,0
1670,Female,21,Metro,23,One-year,44.08,186.8,2,0
722,Male,20,Rural,3,Two-year,74.84,106.2,2,1
734,Female,25,Metro,55,Month-to-month,97.12,148.1,1,0
778,Female,51,Metro,50,Two-year,76.81,15.0,0,1
519,Female,27,Rural,45,One-year,55.14,78.4,0,0
335,Female,23,Metro,25,One-year,68.37,145.2,4,1
846,Male,54,Rural,53,Two-year,62.7,136.7,3,0
1252,Female,27,Metro,38,Month-to-month,100.16,12.8,2,1
1053,Male,40,Seoul,24,Two-year,75.52,91.7,4,1
1924,Male,59,Metro,39,Two-year,68.9,153.3,0,0
16,Male,37,Seoul,8,One-year,37.54,86.9,2,1
708,Female,37,Rural,29,Month-to-month,62.3,22.0,3,1
901,Male,69,Seoul,16,Month-to-month,89.34,45.1,1,1
1980,Female,31,Rural,14,Month-to-month,114.22,67.7,3,1
1573,Female,65,Seoul,43,Month-to-month,86.78,120.6,3,1
904,Male,55,Rural,26,One-year,105.14,171.3,0,0
466,Male,57,Seoul,44,Two-year,84.05,183.3,1,0
1978,Male,59,Rural,35,Two-year,91.95,123.9,2,0
200,Male,43,Rural,36,Month-to-month,53.11,72.8,1,1
1207,Male,69,Seoul,19,Two-year,53.67,167.4,7,1
1056,Male,28,Seoul,54,Month-to-month,37.05,136.1,1,1
1132,Female,47,Rural,14,Two-year,99.56,85.6,2,1
1380,Female,44,Seoul,4,One-year,39.51,126.9,0,0
999,Female,49,Metro,41,Two-year,102.43,140.8,5,1
728,Male,24,Metro,19,Month-to-month,93.48,16.0,8,1
1772,Male,51,Metro,52,Two-year,37.29,10.4,3,1
1910,Male,61,Rural,26,Month-to-month,67.39,173.8,2,0
1822,Male,45,Metro,26,Two-year,67.37,135.7,5,1
568,Female,64,Rural,56,One-year,79.86,77.8,1,1
44,Female,37,Seoul,45,Month-to-month,92.71,160.8,1,0
275,Male,59,Seoul,31,Two-year,71.58,16.6,1,0
1097,Female,54,Rural,13,Two-year,83.11,128.8,1,1
102,Female,49,Metro,40,One-year,74.04,80.8,0,0
1232,Female,40,Seoul,53,Month-to-month,117.61,111.2,2,1
1722,Male,62,Seoul,16,Two-year,59.4,51.4,0,1
1833,Female,37,Metro,17,One-year,78.69,173.9,2,0
108,Female,49,Metro,10,Month-to-month,71.63,87.8,3,1
1618,Male,30,Metro,21,Two-year,99.44,14.3,1,1
498,Female,35,Rural,59,Month-to-month,74.32,155.2,1,0
1981,Male,65,Seoul,48,One-year,51.06,74.0,6,1
882,Female,41,Seoul,40,Two-year,68.48,146.1,2,0
757,Female,60,Metro,29,One-year,109.4,127.3,4,1
620,Male,48,Metro,45,One-year,100.37,39.4,2,1
1107,Male,55,Rural,43,Two-year,58.81,95.7,4,1
1936,Female,60,Rural,45,Two-year,58.27,54.5,2,1
810,Male,63,Metro,2,Two-year,43.33,40.0,1,1
1038,Male,58,Seoul,45,Two-year,95.94,163.5,4,1
73,Male,44,Seoul,13,One-year,114.11,92.4,4,1
1284,Male,65,Rural,57,One-year,43.27,52.7,1,0
1272,Female,62,Seoul,35,One-year,59.32,156.7,1,0
1335,Female,30,Rural,30,Month-to-month,48.71,97.8,2,0
1459,Female,23,Rural,9,Month-to-month,45.14,35.6,2,1
482,Female,28,Metro,43,One-year,49.77,14.3,2,1
1069,Male,41,Metro,2,One-year,80.03,145.1,1,0
507,Female,30,Seoul,45,Month-to-month,110.22,73.3,1,1
1238,Female,28,Rural,25,Two-year,79.18,109.0,3,1
1862,Female,22,Rural,25,One-year,88.12,181.8,2,0
1990,Male,40,Seoul,54,Two-year,54.35,127.0,3,0
1477,Male,36,Rural,43,Month-to-month,108.16,146.0,3,1
1867,Female,34,Metro,14,Month-to-month,81.39,175.2,3,0
1456,Male,56,Metro,13,Two-year,99.49,12.7,2,1
312,Male,69,Rural,57,Two-year,93.29,101.1,3,1
963,Female,52,Rural,32,One-year,111.75,42.3,4,1
406,Female,39,Seoul,16,Month-to-month,69.87,22.3,5,1
1331,Female,35,Metro,37,Two-year,108.09,57.5,3,1
1650,Female,52,Rural,42,Month-to-month,80.13,162.6,5,1
310,Female,45,Seoul,21,Two-year,63.46,49.5,4,1
227,Male,64,Metro,24,Two-year,54.11,30.2,4,1
1858,Male,39,Rural,24,One-year,107.98,26.1,2,1
711,Male,27,Metro,37,Month-to-month,57.41,97.3,3,1
1944,Female,41,Rural,59,Month-to-month,117.97,180.6,2,0
1384,Female,32,Seoul,24,Two-year,68.03,25.2,4,1
1786,Female,57,Seoul,10,Month-to-month,50.68,111.3,0,0
149,Male,53,Metro,17,Two-year,40.08,141.3,2,0
1555,Female,39,Metro,47,Two-year,97.36,40.3,2,0
1957,Female,40,Rural,23,One-year,117.19,91.2,2,1
926,Male,34,Seoul,27,Month-to-month,64.16,167.8,3,0
943,Female,61,Seoul,14,Two-year,76.04,148.1,4,1
837,Male,53,Rural,31,Month-to-month,35.39,89.2,1,0
576,Female,27,Seoul,4,Month-to-month,47.09,65.6,0,1
558,Female,55,Seoul,15,Two-year,90.48,162.5,1,0
1236,Female,60,Seoul,38,Two-year,52.97,95.8,1,0
1361,Female,31,Metro,54,Month-to-month,80.1,87.3,1,0
1348,Male,49,Seoul,21,One-year,112.98,43.1,2,1
1162,Male,40,Seoul,25,Month-to-month,89.01,45.2,5,1
1443,Female,61,Metro,8,One-year,46.51,77.3,0,0
287,Male,60,Seoul,25,One-year,99.76,41.1,5,1
1605,Female,39,Rural,28,Month-to-month,119.78,144.5,4,1
1058,Male,30,Metro,16,Month-to-month,100.65,108.3,2,1
599,Female,36,Rural,12,One-year,55.83,161.5,3,0
933,Male,28,Metro,15,Two-year,45.5,169.4,1,0
1462,Male,43,Rural,53,Month-to-month,110.34,178.6,2,0
1638,Male,68,Seoul,57,One-year,43.1,91.2,1,0
1588,Male,26,Metro,28,Month-to-month,113.93,40.0,0,1
1041,Male,35,Seoul,25,One-year,30.85,17.9,2,1
1231,Male,61,Seoul,47,Two-year,79.38,130.6,2,0
807,Female,67,Metro,31,One-year,52.92,14.4,1,1
905,Male,58,Rural,25,Month-to-month,98.03,66.7,2,1
1680,Female,31,Rural,25,One-year,67.36,84.6,2,1
1205,Male,40,Rural,54,Two-year,102.88,101.4,1,1
768,Female,20,Seoul,38,One-year,45.98,83.2,2,0
610,Female,64,Metro,19,Two-year,111.17,86.5,3,1
1993,Male,48,Metro,15,One-year,97.84,136.4,5,1
1565,Male,58,Metro,14,Two-year,77.76,187.2,1,1
1423,Male,59,Metro,7,Two-year,62.02,20.0,2,0
1011,Male,49,Rural,14,One-year,51.27,19.0,2,1
494,Female,66,Seoul,15,Two-year,66.52,89.7,3,0
1321,Female,29,Seoul,23,Month-to-month,43.63,61.1,2,1
278,Female,43,Rural,12,Two-year,107.72,124.9,1,0
1847,Female,39,Seoul,18,One-year,48.67,39.5,0,1
359,Male,66,Rural,51,Month-to-month,92.81,175.7,1,0
1111,Male,65,Metro,8,Two-year,117.1,156.6,2,1
237,Female,60,Seoul,56,Month-to-month,45.88,120.5,0,0
552,Female,69,Metro,29,One-year,117.35,165.2,0,0
1868,Male,40,Seoul,49,Month-to-month,66.71,101.8,2,0
1813,Male,28,Rural,56,Month-to-month,70.85,194.6,2,0
209,Female,56,Metro,55,One-year,38.43,140.9,0,0
1387,Male,48,Rural,44,Two-year,44.72,117.2,0,0
1561,Male,25,Seoul,39,Month-to-month,39.47,28.6,0,0
59,Male,53,Rural,24,Two-year,37.1,99.6,2,0
632,Female,39,Metro,55,Month-to-month,77.21,170.5,0,0
1962,Male,22,Seoul,53,Month-to-month,45.43,186.3,1,1
1860,Male,27,Seoul,4,Two-year,112.15,11.3,1,1
1817,Female,41,Rural,39,One-year,119.16,67.9,2,1
364,Female,38,Seoul,12,One-year,43.39,103.0,2,0
506,Male,33,Seoul,32,Month-to-month,69.93,64.6,2,1
1166,Female,26,Metro,46,Month-to-month,82.59,69.0,4,1
1122,Male,40,Seoul,20,One-year,49.08,143.8,2,1
1630,Female,40,Metro,30,One-year,116.55,185.1,4,0
1217,Female,68,Metro,16,Month-to-month,74.16,40.8,4,1
1152,Male,21,Seoul,8,Two-year,89.06,111.4,1,1
1125,Female,44,Seoul,48,One-year,44.26,17.9,2,1
1595,Female,50,Metro,34,One-year,93.51,39.1,4,1
119,Female,67,Rural,54,One-year,41.12,47.5,1,0
1250,Female,30,Rural,48,Two-year,97.83,34.0,0,1
1994,Male,23,Rural,15,Month-to-month,70.25,93.4,1,0
523,Female,37,Seoul,56,One-year,108.67,95.9,2,1
514,Female,64,Metro,15,Month-to-month,105.7,186.1,2,0
82,Female,54,Metro,54,Month-to-month,39.56,34.7,2,1
916,Female,68,Seoul,34,Month-to-month,98.87,111.0,3,0
1019,Female,22,Rural,28,Month-to-month,39.11,40.7,0,1
381,Female,27,Metro,34,Two-year,112.43,21.9,5,0
1030,Male,20,Seoul,5,Month-to-month,110.48,65.6,4,1
1689,Male,26,Metro,45,Month-to-month,56.24,121.6,1,0
85,Male,49,Seoul,30,Month-to-month,70.26,72.9,6,1
1678,Male,58,Rural,41,One-year,95.38,88.3,3,1
330,Female,45,Metro,23,One-year,37.59,21.3,3,1
7,Male,50,Rural,28,One-year,41.3,129.2,4,0
746,Female,23,Metro,5,One-year,89.8,63.5,1,1
1554,Female,56,Rural,50,One-year,67.61,159.4,2,0
915,Female,66,Seoul,57,Month-to-month,98.66,79.1,7,1
874,Male,23,Seoul,30,One-year,103.31,158.9,2,1
452,Female,69,Rural,18,One-year,94.23,152.0,4,1
491,Female,69,Metro,14,One-year,95.48,84.5,1,1
1481,Male,33,Metro,56,One-year,56.23,70.2,1,0
288,Male,51,Rural,2,Two-year,85.97,16.4,0,1
949,Female,43,Seoul,58,Month-to-month,64.45,140.5,5,0
1986,Female,45,Seoul,52,One-year,112.34,170.2,1,0
1369,Male,65,Seoul,37,One-year,94.5,44.1,2,1
1147,Male,24,Seoul,42,One-year,112.6,161.2,2,1
706,Male,49,Rural,28,Month-to-month,73.41,11.1,2,1
1727,Female,29,Seoul,42,Month-to-month,43.01,13.3,3,1
1702,Female,33,Rural,49,One-year,96.45,30.8,2,1
1629,Male,56,Metro,32,Month-to-month,113.37,41.4,4,1
1600,Male,63,Metro,13,Two-year,84.75,155.8,4,0
1539,Female,32,Metro,25,Month-to-month,106.14,42.8,2,1
1406,Female,49,Metro,9,Two-year,96.5,64.4,3,1
1651,Male,36,Metro,7,One-year,110.46,160.4,0,0
328,Male,30,Rural,22,Month-to-month,80.58,24.9,4,1
443,Male,34,Metro,26,Two-year,52.69,18.8,2,1
775,Female,44,Metro,9,One-year,117.53,57.3,5,1
1088,Female,26,Rural,39,Month-to-month,112.9,109.4,2,1
1221,Male,23,Rural,29,Month-to-month,114.92,55.9,1,1
1636,Male,56,Rural,33,Month-to-month,91.29,116.9,2,1
178,Male,23,Rural,40,Two-year,48.42,163.1,3,0
1323,Male,55,Seoul,45,One-year,99.36,145.4,0,0
705,Male,29,Seoul,36,Two-year,55.55,65.7,4,0
87,Female,32,Rural,13,Month-to-month,92.06,115.5,1,1
1884,Male,42,Metro,28,Two-year,59.59,120.2,1,0
1948,Female,68,Seoul,40,One-year,61.62,127.8,2,0
458,Female,32,Rural,13,One-year,86.01,197.1,0,0
1829,Female,54,Metro,50,One-year,88.8,105.3,4,1
55,Male,43,Seoul,1,One-year,40.53,29.4,1,1
1502,Female,57,Seoul,18,One-year,107.29,66.3,1,1
644,Male,66,Metro,21,One-year,113.68,113.1,2,1
678,Female,62,Seoul,4,One-year,113.94,42.6,2,1
222,Male,59,Rural,48,One-year,109.99,196.4,5,1
114,Female,69,Rural,30,One-year,47.01,83.4,6,1
983,Female,27,Metro,39,Two-year,81.94,125.5,1,0
1229,Female,48,Metro,42,Two-year,39.1,56.9,5,1
1000,Male,27,Rural,54,Two-year,63.21,107.4,2,0
175,Female,66,Rural,21,Two-year,109.99,188.2,3,1
782,Male,57,Metro,23,Month-to-month,76.02,170.8,1,0
590,Male,60,Metro,22,Month-to-month,113.3,65.9,0,0
1560,Male,55,Rural,35,Two-year,84.34,167.1,1,1
19,Female,34,Metro,57,One-year,82.64,27.5,5,1
424,Male,66,Metro,47,Month-to-month,47.06,156.8,4,0
1344,Male,33,Rural,27,Two-year,35.06,110.7,1,1
286,Male,29,Rural,54,Two-year,116.55,133.4,0,0
1584,Female,61,Metro,28,Two-year,93.6,49.2,2,1
429,Male,64,Rural,13,Two-year,96.17,41.5,3,1
1510,Female,68,Rural,28,Month-to-month,115.74,98.3,1,1
1319,Female,44,Metro,58,Two-year,73.2,177.3,1,0
670,Male,62,Seoul,44,One-year,95.65,191.1,4,0
32,Male,40,Seoul,5,One-year,56.72,57.5,0,1
941,Female,37,Seoul,10,One-year,107.57,30.6,1,1
723,Female,38,Rural,15,Month-to-month,69.48,146.3,4,1
995,Female,36,Rural,32,Month-to-month,59.31,126.3,2,0
215,Male,36,Seoul,40,Month-to-month,53.64,87.2,3,0
814,Female,67,Seoul,2,One-year,62.87,37.9,3,1
327,Male,51,Seoul,35,Two-year,47.5,82.5,1,0
561,Female,53,Rural,32,Month-to-month,97.52,194.2,3,0
1113,Female,65,Rural,26,Two-year,119.84,40.0,2,1
701,Female,53,Rural,8,One-year,101.91,109.5,0,1
1579,Female,55,Rural,19,Month-to-month,54.73,170.2,2,0
1190,Female,56,Metro,58,Two-year,65.8,11.6,6,0
342,Female,48,Rural,58,Month-to-month,118.1,43.7,1,1
630,Male,31,Metro,58,Two-year,48.08,132.4,1,0
148,Male,62,Rural,31,One-year,92.94,127.0,1,0
1310,Female,34,Rural,44,Two-year,116.96,26.8,3,1
361,Female,56,Seoul,11,One-year,119.94,92.9,1,1
84,Female,53,Metro,17,Two-year,45.35,23.1,1,1
49,Female,37,Rural,52,Month-to-month,102.2,164.3,4,1
469,Male,65,Seoul,35,One-year,50.74,170.2,2,0
156,Female,24,Seoul,40,Two-year,98.09,144.6,0,0
773,Male,38,Rural,57,Month-to-month,84.16,163.1,1,0
1240,Male,20,Metro,7,Two-year,60.89,58.7,1,1
1201,Male,58,Metro,47,Two-year,112.31,168.0,2,0
1403,Male,38,Seoul,51,Month-to-month,46.49,146.7,3,0
1203,Female,20,Metro,26,One-year,98.17,115.4,2,1
1631,Male,37,Metro,13,Month-to-month,47.05,90.4,4,1
501,Male,41,Metro,16,Two-year,54.93,26.4,6,1
1765,Male,62,Metro,26,One-year,76.75,119.3,1,0
180,Male,56,Metro,39,Month-to-month,88.46,197.5,4,0
1048,Male,42,Rural,32,Month-to-month,119.71,119.7,2,1
1756,Female,59,Metro,52,One-year,63.96,135.3,2,0
951,Male,38,Seoul,22,Two-year,57.51,153.6,2,0
1317,Female,60,Seoul,7,One-year,53.1,155.5,1,1
1620,Male,43,Rural,41,Two-year,102.52,39.0,2,1
529,Female,51,Rural,16,One-year,48.85,60.1,2,1
347,Male,66,Rural,56,Month-to-month,41.31,64.1,1,0
1388,Female,40,Metro,6,One-year,62.65,134.2,3,1
1961,Female,56,Rural,42,Month-to-month,61.12,118.1,0,0
1051,Female,21,Seoul,47,Two-year,53.94,197.1,2,0
1973,Male,20,Rural,48,Month-to-month,53.51,156.3,1,0
1442,Female,41,Metro,8,One-year,49.45,185.7,2,0
602,Female,21,Metro,33,One-year,45.95,37.6,4,1
1282,Male,59,Metro,32,Two-year,41.35,138.7,1,0
244,Male,46,Rural,25,Two-year,75.1,71.6,4,1
1337,Male,34,Metro,42,Month-to-month,96.85,195.7,1,0
1068,Male,34,Metro,17,One-year,70.96,188.9,1,0
1476,Female,39,Seoul,10,One-year,80.17,59.1,1,1
313,Female,33,Metro,58,Month-to-month,31.95,107.6,0,0
436,Female,41,Rural,5,One-year,39.26,158.8,1,0
1899,Female,59,Seoul,24,Two-year,115.05,44.3,1,0
1329,Female,51,Rural,22,Month-to-month,40.79,190.0,3,1
309,Female,41,Rural,25,Two-year,93.19,142.7,0,1
431,Male,52,Seoul,31,Two-year,54.25,81.9,2,1
661,Female,24,Seoul,51,One-year,68.78,133.7,0,0
371,Female,54,Seoul,28,One-year,48.82,199.9,0,0
567,Female,22,Seoul,48,Month-to-month,55.67,117.0,2,0
980,Female,40,Seoul,40,Month-to-month,67.29,90.9,0,0
182,Male,30,Seoul,59,One-year,71.4,133.7,2,0
1363,Male,66,Seoul,3,One-year,31.22,53.4,1,1
622,Female,31,Rural,48,Two-year,37.81,72.6,2,0
819,Female,63,Metro,16,Two-year,104.18,109.2,2,1
1193,Male,21,Metro,54,Month-to-month,42.13,41.8,5,1
953,Male,45,Metro,6,Two-year,78.39,31.8,5,1
1422,Male,23,Rural,15,Month-to-month,69.04,143.3,1,0
1841,Female,30,Metro,42,One-year,66.47,12.3,1,0
923,Male,41,Metro,36,Month-to-month,35.24,15.3,1,0
1074,Male,68,Rural,29,Month-to-month,69.29,150.9,3,0
297,Female,39,Seoul,22,Two-year,42.75,34.2,2,1
967,Male,27,Metro,20,Month-to-month,87.71,15.1,6,1
462,Male,45,Seoul,15,Month-to-month,34.46,180.3,2,0
1303,Male,36,Rural,41,Two-year,79.27,98.8,2,0
1177,Male,48,Seoul,13,Two-year,86.18,62.6,2,0
378,Male,63,Metro,21,One-year,86.89,193.9,2,0
799,Male,25,Rural,42,Two-year,107.57,45.1,2,1
1103,Female,44,Rural,47,Two-year,98.04,29.4,4,1
106,Female,24,Seoul,9,One-year,112.54,70.8,3,1
127,Female,23,Seoul,9,One-year,74.42,150.7,2,0
1996,Male,47,Rural,27,Two-year,73.45,125.6,1,0
839,Female,23,Seoul,33,Two-year,41.2,111.5,1,0
356,Male,47,Rural,2,One-year,104.27,177.2,1,0
1617,Male,51,Seoul,40,Month-to-month,106.29,167.3,3,1
683,Male,39,Seoul,59,Month-to-month,108.6,107.4,0,0
813,Male,62,Metro,10,Two-year,86.51,74.4,3,1
1681,Female,43,Rural,58,Two-year,98.84,119.8,4,1
210,Male,67,Seoul,46,One-year,115.96,117.7,1,1
1493,Male,38,Seoul,36,Two-year,95.29,40.4,2,1
141,Female,23,Seoul,43,One-year,90.03,108.8,2,1
1975,Female,64,Seoul,3,Month-to-month,110.81,10.0,1,1
1340,Female,37,Seoul,37,Two-year,38.81,181.9,0,1
1798,Female,24,Seoul,37,Month-to-month,106.72,133.0,3,1
1575,Female,50,Rural,22,One-year,56.34,135.6,5,1
1182,Female,56,Metro,52,One-year,103.61,93.3,2,1
1394,Female,42,Seoul,55,Month-to-month,105.72,145.9,2,0
1816,Male,53,Metro,40,Month-to-month,64.31,91.5,1,0
712,Female,66,Seoul,30,Month-to-month,32.24,76.5,1,0
1794,Male,44,Metro,30,One-year,87.46,92.0,1,1
893,Male,27,Seoul,45,Two-year,36.76,188.3,1,0
860,Male,30,Seoul,11,One-year,66.11,134.0,2,0
11,Male,56,Metro,34,Month-to-month,103.73,149.7,2,1
1695,Male,41,Seoul,55,Two-year,96.57,13.9,2,1
1428,Male,62,Rural,19,Month-to-month,56.9,156.3,2,0
283,Female,38,Seoul,55,Month-to-month,89.8,104.0,3,1
811,Male,55,Metro,59,Month-to-month,38.88,155.2,1,0
1342,Female,44,Metro,54,Month-to-month,79.83,81.7,1,1
292,Male,49,Seoul,21,Month-to-month,102.35,52.9,1,1
755,Female,37,Metro,43,Two-year,106.81,149.5,3,1
627,Male,39,Seoul,42,Two-year,89.65,196.4,2,0
944,Male,58,Seoul,37,Month-to-month,44.3,30.4,5,1
862,Male,50,Rural,3,One-year,68.87,109.9,1,1
130,Female,56,Rural,12,One-year,95.58,123.0,1,1
1176,Male,58,Metro,57,One-year,84.99,104.3,3,1
324,Female,25,Metro,18,One-year,95.56,173.4,1,0
1091,Female,34,Metro,54,Two-year,30.81,144.0,0,0
844,Male,66,Seoul,47,Two-year,59.09,11.6,3,1
964,Male,55,Rural,33,Two-year,38.38,154.8,2,0
1865,Female,66,Rural,35,Two-year,76.11,169.3,4,0
866,Male,32,Metro,27,Month-to-month,39.65,93.7,0,0
922,Male,36,Rural,51,Month-to-month,36.27,47.2,2,0
696,Female,57,Metro,17,One-year,77.66,140.4,3,1
216,Male,69,Metro,56,Two-year,99.06,156.5,2,0
1781,Female,49,Metro,29,Two-year,60.49,100.6,3,0
1262,Male,24,Seoul,4,One-year,69.62,86.3,0,1
159,Male,68,Metro,6,Two-year,66.33,158.4,0,0
1059,Female,22,Rural,35,Month-to-month,101.58,92.1,3,1
989,Female,25,Rural,17,One-year,61.82,140.6,2,0
842,Female,46,Seoul,32,Two-year,106.76,21.7,2,1
635,Female,56,Seoul,14,Two-year,99.05,130.9,0,1
517,Female,55,Metro,9,Two-year,55.81,159.5,0,1
1429,Female,44,Seoul,10,Two-year,47.37,36.9,3,1
1748,Male,26,Rural,31,Two-year,76.48,106.9,2,1
598,Male,25,Seoul,9,Two-year,94.71,157.4,3,1
196,Female,44,Metro,22,Month-to-month,51.7,198.3,1,0
1784,Female,23,Metro,42,Month-to-month,56.87,45.2,0,0
870,Female,61,Rural,49,Two-year,86.62,29.9,1,1
411,Male,41,Seoul,54,Two-year,69.63,79.7,0,0
97,Female,63,Metro,30,Two-year,54.84,110.8,3,1
1001,Female,41,Metro,47,Two-year,106.92,97.1,3,1
1506,Male,67,Rural,28,Month-to-month,49.15,118.7,2,0
157,Male,66,Rural,23,Two-year,38.57,31.7,3,1
420,Female,37,Seoul,6,One-year,56.93,10.3,1,1
1803,Male,57,Rural,13,Month-to-month,115.92,121.1,5,0
478,Female,22,Seoul,40,Month-to-month,62.09,68.7,3,1
1856,Female,25,Seoul,47,One-year,105.82,160.1,3,1
669,Male,43,Rural,57,Two-year,35.9,85.0,1,1
1418,Male,63,Rural,10,One-year,74.61,66.4,1,1
1872,Male,55,Seoul,7,Month-to-month,56.09,79.6,2,1
1300,Female,51,Rural,26,Month-to-month,79.93,129.0,3,1
448,Female,52,Seoul,6,One-year,64.08,73.4,3,1
554,Female,51,Rural,6,One-year,60.28,173.3,4,0
179,Male,33,Rural,19,One-year,80.99,30.6,2,1
391,Male,26,Rural,37,One-year,39.56,74.7,1,0
579,Female,49,Metro,41,One-year,89.04,69.8,2,0
1478,Female,26,Rural,16,Two-year,105.1,147.1,0,0
1707,Male,45,Metro,1,Month-to-month,71.57,181.0,5,1
1288,Female,38,Metro,16,One-year,68.84,132.5,3,1
1645,Male,69,Rural,24,One-year,105.41,183.5,2,0
1024,Female,47,Rural,32,Two-year,84.6,135.3,3,1
821,Male,64,Seoul,46,Month-to-month,46.17,136.7,0,0
1825,Male,47,Rural,55,One-year,71.36,65.7,4,1
985,Female,22,Metro,14,One-year,106.49,60.4,4,1
1339,Female,59,Rural,10,One-year,51.27,43.9,2,1
665,Male,31,Seoul,59,One-year,68.6,31.3,0,1
143,Female,39,Rural,42,Two-year,109.21,116.6,1,1
1517,Male,64,Seoul,40,Two-year,91.33,44.1,0,1
1430,Male,29,Metro,28,One-year,40.46,168.5,5,0
865,Female,58,Seoul,42,One-year,84.22,184.9,0,0
422,Female,37,Metro,46,Month-to-month,48.74,75.4,2,0
637,Male,56,Rural,52,Month-to-month,55.73,162.0,2,0
1407,Female,58,Rural,58,Two-year,103.14,155.2,3,1
800,Male,47,Seoul,30,Two-year,80.79,31.6,1,1
1404,Female,42,Seoul,55,Month-to-month,83.04,27.9,2,1
616,Male,22,Seoul,30,One-year,72.72,102.7,7,1
295,Female,41,Metro,49,One-year,64.56,164.0,7,1
924,Male,67,Rural,24,Month-to-month,113.43,163.0,1,1
1269,Male,32,Seoul,30,Month-to-month,118.47,198.0,1,0
1903,Male,57,Seoul,29,Month-to-month,54.77,198.2,3,0
89,Female,51,Rural,50,Month-to-month,56.13,111.2,1,0
42,Male,42,Metro,4,One-year,116.47,126.1,3,1
1802,Male,28,Rural,56,Two-year,53.72,155.0,3,1
1934,Male,33,Rural,7,One-year,33.38,109.2,0,0
132,Male,25,Rural,45,One-year,48.19,198.0,5,0
1002,Male,63,Rural,44,One-year,102.2,132.0,2,1
1158,Male,42,Seoul,7,Month-to-month,110.21,106.6,2,1
1095,Female,46,Metro,45,One-year,56.79,93.8,1,0
1855,Female,58,Rural,19,One-year,91.22,139.3,1,0
1345,Male,44,Metro,39,Two-year,37.26,36.2,1,1
1499,Male,64,Metro,5,One-year,116.2,92.2,3,1
165,Female,54,Seoul,51,Month-to-month,75.48,30.1,3,1
725,Male,35,Seoul,47,Month-to-month,41.74,151.1,2,0
291,Male,34,Rural,58,Two-year,78.71,44.1,3,1
1209,Male,40,Metro,36,Two-year,71.9,39.1,3,1
1589,Male,54,Rural,59,Month-to-month,73.93,57.9,0,0
1897,Female,68,Metro,25,Month-to-month,95.87,80.3,5,1
1642,Male,31,Metro,45,Month-to-month,33.69,170.3,2,0
1362,Female,60,Seoul,18,Two-year,88.12,116.6,1,1
779,Female,68,Seoul,18,One-year,84.97,59.6,3,1
840,Male,67,Rural,11,One-year,116.6,170.0,2,1
349,Female,39,Metro,45,Month-to-month,98.62,73.7,2,1
1945,Male,60,Metro,3,Two-year,33.36,191.0,3,0
572,Male,34,Seoul,11,Month-to-month,83.43,89.7,2,1
918,Female,63,Rural,20,Two-year,54.67,140.6,2,0
977,Female,63,Metro,5,Two-year,92.22,162.7,1,0
1914,Female,39,Seoul,3,Two-year,98.31,88.1,1,1
1469,Female,58,Metro,41,Month-to-month,116.46,67.9,1,1
1592,Male,29,Seoul,37,One-year,63.4,87.0,4,1
1318,Female,60,Seoul,1,Month-to-month,94.25,103.8,0,1
1845,Female,54,Rural,58,Two-year,77.54,184.1,2,0
137,Male,32,Rural,8,Two-year,84.26,30.5,2,1
459,Male,49,Metro,7,Month-to-month,68.79,68.8,3,1
376,Female,37,Rural,31,Month-to-month,53.12,143.7,5,1
1343,Male,59,Metro,30,Month-to-month,46.95,182.2,4,0
334,Male,48,Metro,10,Two-year,36.91,113.3,5,1
1160,Female,28,Metro,39,Month-to-month,36.94,168.5,1,0
1761,Female,27,Rural,40,Month-to-month,41.58,169.9,1,0
1458,Female,66,Metro,48,Month-to-month,98.45,116.9,3,1
817,Male,65,Seoul,17,One-year,103.63,63.6,2,1
1115,Male,54,Rural,51,Month-to-month,47.21,45.8,4,1
1006,Male,48,Rural,27,Two-year,110.67,28.4,2,1
1857,Male,28,Rural,16,One-year,50.56,164.9,2,0
1955,Male,69,Rural,7,Month-to-month,43.06,25.0,1,1
1851,Male,54,Rural,5,Month-to-month,67.0,199.3,2,0
911,Male,29,Metro,26,One-year,73.34,71.8,3,1
1930,Male,33,Seoul,48,Two-year,87.92,182.5,3,0
1126,Female,34,Metro,39,Month-to-month,100.89,128.5,0,0
329,Female,42,Rural,40,Two-year,58.31,42.7,2,1
1248,Female,40,Metro,57,One-year,92.63,128.8,3,1
319,Male,31,Rural,44,Two-year,62.66,154.1,2,0
1690,Female,40,Metro,11,Month-to-month,54.02,100.5,1,0
1359,Female,58,Metro,53,Two-year,90.8,71.7,2,0
1733,Male,56,Seoul,40,One-year,45.97,108.5,4,1
168,Male,36,Seoul,41,One-year,97.11,175.3,3,0
13,Male,25,Metro,22,One-year,107.39,75.6,5,1
1927,Male,28,Rural,8,Two-year,99.21,60.2,1,1
172,Male,54,Metro,11,One-year,113.09,101.2,2,0
650,Male,33,Seoul,17,One-year,66.64,178.6,3,1
1062,Male,23,Rural,3,Two-year,104.65,68.5,2,1
261,Male,21,Seoul,58,Two-year,80.12,160.3,3,0
1367,Male,40,Seoul,44,One-year,91.09,107.5,1,1
1549,Male,54,Seoul,50,One-year,104.41,124.5,2,1
902,Female,43,Rural,34,Two-year,75.96,85.1,2,1
673,Female,69,Seoul,47,Month-to-month,102.75,11.6,2,1
259,Female,37,Seoul,5,Month-to-month,30.95,17.7,1,1
845,Male,47,Metro,28,Two-year,114.16,158.2,3,1
868,Female,26,Seoul,54,Two-year,96.19,89.8,1,1
1800,Male,47,Rural,13,Month-to-month,91.1,10.2,1,1
139,Male,44,Metro,12,Month-to-month,40.36,169.4,1,0
894,Male,43,Rural,22,Month-to-month,78.21,183.7,1,0
1838,Female,36,Seoul,58,Month-to-month,46.58,119.2,5,0
550,Male,39,Seoul,44,Month-to-month,94.31,149.5,0,0
320,Female,26,Rural,47,One-year,84.1,160.8,0,0
1527,Male,25,Metro,3,Two-year,60.39,56.2,1,1
1806,Male,38,Metro,10,Two-year,48.31,145.3,2,0
1178,Female,55,Rural,25,Two-year,41.88,111.6,2,0
559,Female,21,Seoul,40,Two-year,51.66,170.7,5,0
140,Male,26,Seoul,1,One-year,82.93,16.1,2,1
1735,Male,27,Metro,18,One-year,81.03,59.5,4,1
532,Female,47,Rural,10,One-year,86.46,102.9,1,1
225,Female,46,Rural,12,One-year,113.85,149.0,1,1
724,Male,50,Seoul,36,One-year,49.64,168.3,5,0
787,Male,65,Seoul,4,One-year,44.12,74.4,3,1
1718,Male,58,Rural,19,Month-to-month,30.59,188.9,0,0
1008,Male,66,Metro,23,Month-to-month,71.01,160.2,2,0
410,Female,67,Seoul,17,Month-to-month,112.69,163.4,2,1
326,Female,34,Metro,28,Month-to-month,60.8,186.7,2,0
1766,Female,56,Seoul,4,One-year,80.85,197.2,1,0
300,Female,69,Seoul,52,One-year,37.66,180.5,2,0
1263,Male,51,Rural,43,One-year,104.99,146.2,2,0
1946,Female,35,Seoul,54,One-year,70.06,83.4,1,0
26,Female,29,Seoul,59,Month-to-month,96.15,86.3,1,1
1859,Male,20,Rural,41,Two-year,33.0,128.4,3,1
715,Female,31,Seoul,14,One-year,66.58,133.1,4,1
1010,Female,61,Seoul,59,Two-year,103.88,116.9,2,1
194,Male,34,Seoul,52,One-year,39.91,52.5,3,1
441,Male,65,Rural,25,Month-to-month,46.28,15.8,1,1
574,Female,54,Metro,17,One-year,66.3,139.9,2,0
947,Male,30,Seoul,14,Two-year,34.44,161.4,1,0
998,Female,42,Metro,17,One-year,33.63,168.8,2,0
504,Female,60,Rural,26,Two-year,51.44,188.8,3,0
606,Male,20,Rural,41,Month-to-month,65.13,11.6,3,0
1717,Female,25,Rural,29,Two-year,60.62,193.5,0,0
1164,Female,47,Seoul,26,One-year,55.25,165.5,2,0
1787,Female,50,Metro,31,Two-year,97.46,107.7,1,0
847,Female,27,Rural,42,Two-year,65.13,68.7,4,1
4,Male,43,Metro,53,Two-year,94.23,125.6,2,1
1287,Female,34,Seoul,29,Two-year,89.39,195.5,3,0
1223,Male,67,Metro,15,One-year,108.49,161.3,2,1
468,Male,45,Seoul,17,One-year,94.91,47.6,1,1
322,Male,30,Seoul,4,One-year,109.98,197.3,5,1
6,Female,27,Rural,3,Month-to-month,90.06,192.6,0,0
223,Female,53,Metro,40,One-year,92.33,186.0,2,0
1375,Male,51,Seoul,58,One-year,47.51,19.5,1,0
548,Female,47,Seoul,58,Month-to-month,74.97,64.2,1,1
229,Male,25,Metro,50,One-year,80.92,195.9,1,0
40,Male,27,Rural,39,Month-to-month,31.43,166.1,0,0
543,Male,50,Seoul,23,Month-to-month,40.4,84.1,0,0
243,Female,55,Rural,45,One-year,30.36,110.1,2,0
899,Male,56,Rural,27,One-year,105.78,91.5,2,1
1134,Male,50,Metro,26,Two-year,100.59,177.2,2,1
1449,Female,53,Metro,51,One-year,30.49,41.3,0,0
1869,Male,54,Rural,19,Month-to-month,89.53,73.8,2,1
843,Male,48,Metro,1,One-year,64.89,134.5,1,0
1419,Male,24,Rural,59,Two-year,59.95,20.3,1,1
1654,Male,47,Metro,20,Month-to-month,62.02,27.8,2,1
1970,Male,53,Seoul,35,One-year,51.97,160.4,1,0
662,Male,52,Metro,18,Two-year,47.82,155.9,4,0
1211,Male,56,Rural,14,Month-to-month,96.09,88.5,1,1
315,Male,48,Rural,6,One-year,44.73,33.7,1,0
692,Female,20,Seoul,40,One-year,108.82,199.8,2,0
1504,Male,55,Metro,43,One-year,45.32,42.2,2,1
425,Female,50,Rural,8,One-year,41.31,154.6,4,0
595,Female,39,Metro,59,One-year,75.16,13.5,2,0
1964,Female,52,Seoul,50,Two-year,92.4,77.2,2,1
623,Male,49,Seoul,47,Two-year,84.49,90.5,0,0
1171,Female,23,Seoul,37,Month-to-month,96.34,115.8,3,1
1044,Male,53,Seoul,1,Two-year,87.25,116.5,1,0
228,Female,52,Rural,16,Two-year,76.82,140.8,1,0
1118,Male,44,Seoul,43,One-year,89.77,161.9,0,0
1332,Female,51,Seoul,18,Two-year,50.93,127.1,1,0
1316,Female,33,Seoul,53,Two-year,36.48,44.1,2,0
67,Female,58,Metro,8,Month-to-month,60.69,78.1,1,1
25,Female,51,Seoul,3,Two-year,48.59,109.2,0,0
145,Female,64,Seoul,11,One-year,58.21,160.2,6,1
537,Female,52,Seoul,53,One-year,95.68,142.6,4,0
812,Male,34,Rural,52,One-year,82.18,103.6,2,1
1467,Female,40,Metro,38,Month-to-month,56.17,137.9,4,0
86,Male,32,Seoul,39,Two-year,48.94,63.7,2,1
1661,Male,53,Metro,57,Month-to-month,100.11,111.1,1,1
1646,Male,23,Seoul,51,Month-to-month,109.45,62.4,3,1
1805,Male,25,Seoul,37,Month-to-month,114.06,102.7,2,1
1818,Male,22,Seoul,21,Two-year,52.29,58.7,2,1
1577,Male,43,Metro,56,Month-to-month,60.78,12.0,0,1
1145,Female,38,Rural,38,Two-year,98.76,57.9,1,1
363,Male,25,Seoul,44,Month-to-month,30.91,168.5,1,0
1612,Female,46,Rural,55,Month-to-month,45.84,108.8,2,0
1866,Female,57,Seoul,55,One-year,42.17,190.4,1,0
1027,Female,39,Rural,59,Month-to-month,33.28,156.4,4,1
1031,Male,49,Rural,9,Month-to-month,50.53,139.9,2,0
1304,Female,50,Seoul,4,Month-to-month,35.78,119.0,2,0
1356,Female,54,Seoul,2,Two-year,41.54,57.7,1,1
1731,Female,60,Rural,16,One-year,34.92,160.7,3,0
666,Male,61,Seoul,26,Two-year,82.7,93.7,0,1
365,Male,24,Seoul,39,Month-to-month,99.83,154.9,0,0
78,Female,64,Seoul,25,Month-to-month,77.5,55.2,2,1
28,Female,26,Rural,49,One-year,76.88,162.6,1,0
1437,Female,60,Metro,38,Month-to-month,77.44,199.7,1,0
526,Male,38,Rural,39,One-year,106.92,38.2,0,1
1835,Female,42,Seoul,2,Month-to-month,80.11,198.9,4,0
56,Female,54,Seoul,15,One-year,70.79,151.4,3,0
639,Female,56,Seoul,34,Two-year,61.11,59.3,2,1
303,Male,36,Seoul,58,Month-to-month,116.8,159.1,5,1
719,Female,65,Seoul,52,Two-year,52.01,138.1,0,0
625,Male,20,Metro,10,Month-to-month,90.55,181.5,1,0
8,Male,40,Seoul,3,Month-to-month,98.9,59.3,3,1
804,Male,31,Rural,21,Two-year,39.59,129.2,4,0
1050,Male,64,Rural,39,Month-to-month,107.67,130.5,4,1
337,Male,54,Seoul,49,Month-to-month,90.18,137.8,3,1
48,Male,54,Metro,20,Two-year,98.68,61.1,1,1
1764,Male,67,Metro,9,Two-year,110.04,158.1,2,1
107,Female,20,Seoul,52,One-year,82.51,183.6,3,0
350,Male,41,Rural,38,One-year,111.03,125.5,0,1
1080,Male,49,Seoul,5,One-year,113.2,79.3,1,1
239,Male,62,Seoul,31,One-year,36.34,154.7,1,0
214,Male,32,Metro,46,Month-to-month,76.95,31.1,3,1
1776,Female,65,Rural,20,Two-year,118.43,77.5,2,1
1139,Female,25,Metro,34,One-year,73.08,141.0,1,0
794,Female,40,Metro,42,Two-year,83.9,41.1,2,0
1587,Male,47,Rural,19,Month-to-month,50.14,145.5,2,0
1583,Male,63,Rural,28,Month-to-month,86.01,39.6,1,1
1672,Male,67,Rural,37,Two-year,95.36,86.1,2,1
524,Male,25,Seoul,44,Two-year,32.74,172.9,1,0
233,Female,59,Rural,27,Month-to-month,66.58,41.0,3,1
645,Female,34,Metro,21,One-year,115.31,195.9,0,0
1508,Female,55,Metro,59,Month-to-month,75.33,49.9,1,1
534,Male,54,Metro,18,Month-to-month,116.38,135.7,1,1
1942,Female,60,Metro,4,Month-to-month,95.54,117.9,3,1
604,Female,56,Rural,49,One-year,85.46,124.3,4,0
1330,Male,50,Seoul,19,One-year,58.87,77.6,1,0
1075,Male,61,Metro,48,Month-to-month,87.04,150.0,1,0
1305,Female,27,Metro,30,Month-to-month,87.85,94.5,0,1
61,Male,56,Rural,8,Month-to-month,72.71,93.4,4,1
1264,Male,63,Metro,54,Month-to-month,113.65,176.6,3,0
93,Female,65,Rural,18,Two-year,59.59,157.8,1,0
667,Female,39,Rural,16,One-year,76.91,101.0,3,0
281,Female,67,Rural,23,Month-to-month,114.68,21.9,2,0
1114,Male,22,Seoul,48,One-year,119.65,33.7,3,1
360,Male,35,Seoul,30,Month-to-month,54.14,28.6,2,1
1129,Female,31,Rural,15,Month-to-month,30.97,132.3,3,0
1170,Male,23,Rural,53,One-year,55.89,55.6,4,1
848,Female,35,Metro,7,Two-year,39.55,65.6,2,1
1522,Male,39,Seoul,4,One-year,50.19,192.1,2,0
111,Female,64,Seoul,53,Two-year,46.52,57.0,1,0
43,Female,48,Rural,13,Two-year,111.26,81.9,3,1
126,Female,43,Metro,16,Two-year,112.32,72.9,2,1
205,Female,67,Seoul,32,Month-to-month,30.2,53.8,3,1
53,Male,33,Seoul,36,Month-to-month,56.02,189.0,2,1
546,Female,56,Metro,6,Month-to-month,113.28,38.9,3,1
69,Female,68,Rural,59,Month-to-month,60.48,132.1,2,0
1741,Female,59,Metro,58,One-year,102.58,96.9,2,1
1548,Male,61,Rural,45,Two-year,47.62,137.4,2,0
184,Male,22,Seoul,6,Month-to-month,63.25,55.7,2,0
138,Male,53,Metro,27,Month-to-month,95.48,59.8,1,1
900,Male,23,Rural,41,One-year,73.46,85.9,2,1
797,Male,67,Rural,4,Month-to-month,100.05,13.1,2,0
133,Male,58,Seoul,14,Month-to-month,39.91,139.0,2,0
81,Male,21,Seoul,2,One-year,99.59,55.8,1,1
1987,Female,48,Seoul,23,Month-to-month,61.68,99.3,2,1
1541,Male,68,Rural,54,One-year,54.5,148.6,2,0
542,Female,40,Seoul,45,One-year,50.93,28.0,4,1
1669,Male,24,Metro,49,Two-year,94.92,184.3,0,0
984,Male,69,Seoul,31,Month-to-month,87.84,84.9,1,1
166,Male,69,Rural,54,One-year,91.2,144.2,0,0
249,Male,64,Seoul,54,Two-year,67.75,29.3,4,0
447,Male,39,Metro,20,Two-year,89.93,46.4,2,1
1515,Female,66,Seoul,47,One-year,101.32,113.6,0,0
859,Female,49,Rural,43,One-year,75.68,198.5,2,0
1212,Female,64,Rural,35,Two-year,87.23,176.6,3,0
98,Female,35,Metro,21,One-year,95.79,89.0,3,1
1974,Female,27,Rural,32,Month-to-month,118.37,172.9,2,1
738,Male,44,Seoul,25,Month-to-month,31.56,136.5,0,0
1256,Female,34,Rural,1,Month-to-month,104.29,55.0,2,1
103,Female,44,Seoul,19,One-year,55.75,53.8,0,1
435,Female,30,Seoul,6,One-year,82.81,89.6,0,1
75,Male,37,Rural,37,One-year,112.6,188.2,2,0
1792,Female,52,Rural,46,One-year,86.92,182.1,0,0
1235,Female,68,Rural,58,One-year,117.12,166.3,4,1
919,Female,53,Metro,39,One-year,102.1,31.2,1,1
1712,Male,27,Seoul,43,One-year,39.0,47.9,1,1
1671,Female,41,Seoul,20,Two-year,106.49,61.4,4,1
1621,Male,34,Rural,1,One-year,84.23,173.2,1,0
763,Male,43,Rural,36,Month-to-month,76.65,47.4,4,1
990,Female,21,Metro,45,Two-year,41.92,80.8,0,0
389,Male,65,Metro,22,Two-year,115.3,105.0,2,1
236,Female,67,Metro,16,One-year,34.25,42.0,0,0
1507,Female,64,Rural,18,Two-year,84.32,120.9,3,1
268,Female,51,Rural,41,Month-to-month,112.58,44.3,4,0
1188,Male,33,Seoul,7,One-year,88.73,122.2,2,1
118,Female,44,Metro,9,Two-year,51.09,91.3,2,1
1607,Female,62,Seoul,35,Two-year,102.94,183.8,0,0
674,Female,48,Seoul,48,Month-to-month,64.93,180.8,1,0
250,Male,50,Seoul,42,Two-year,65.16,19.3,2,1
1453,Female,50,Metro,8,Month-to-month,70.56,145.7,0,0
1995,Male,26,Metro,6,Two-year,57.88,191.1,1,0
95,Female,68,Rural,43,One-year,46.6,179.7,4,0
34,Female,26,Seoul,25,Month-to-month,116.68,121.9,4,1
1464,Male,45,Metro,7,Two-year,90.93,93.2,1,1
1668,Male,40,Seoul,13,Two-year,39.92,181.4,0,0
449,Male,29,Rural,6,One-year,115.9,148.3,1,1
717,Male,27,Rural,7,One-year,101.86,182.1,1,1
1810,Female,66,Seoul,7,Month-to-month,46.79,35.8,1,1
1518,Male,52,Rural,32,Two-year,52.83,14.8,2,1
1,Male,66,Seoul,38,Two-year,60.75,36.0,0,1
1376,Male,30,Rural,11,One-year,95.85,23.2,4,1
1102,Female,29,Rural,52,One-year,73.38,16.6,2,0
1109,Female,33,Seoul,8,Month-to-month,88.88,164.7,4,1
1227,Male,60,Metro,51,Month-to-month,39.32,70.4,1,0
83,Male,61,Rural,18,One-year,100.06,145.9,1,0
1289,Female,26,Rural,35,Two-year,98.72,62.8,2,1
677,Female,66,Rural,13,Month-to-month,36.56,12.5,1,1
1921,Male,33,Rural,21,Two-year,102.51,80.3,1,1
1047,Male,52,Seoul,23,Two-year,112.53,84.4,2,1
771,Male,34,Seoul,47,Two-year,35.69,150.0,0,0
1947,Male,48,Metro,45,One-year,40.18,159.5,2,0
1281,Female,40,Seoul,27,One-year,110.61,51.7,0,1
1581,Female,49,Metro,12,Two-year,38.47,69.2,1,0
1489,Male,49,Seoul,46,One-year,78.98,24.8,2,1
405,Female,63,Seoul,45,Month-to-month,42.65,43.4,3,1
1728,Male,27,Seoul,19,Two-year,92.57,149.4,2,1
1299,Male,66,Metro,46,Two-year,115.48,98.8,2,1
1341,Male,28,Rural,12,Two-year,81.85,74.7,3,1
105,Female,39,Rural,15,Month-to-month,115.08,35.6,2,0
689,Male,27,Seoul,47,Two-year,108.7,38.2,1,1
1306,Male,59,Rural,30,Two-year,82.89,137.0,1,0
827,Male,34,Metro,1,One-year,34.92,26.4,3,1
63,Male,59,Seoul,27,Two-year,62.29,144.1,1,0
853,Male,21,Rural,44,One-year,94.73,116.4,1,1
1354,Female,68,Metro,53,Month-to-month,61.48,99.7,4,1
224,Female,59,Metro,33,Month-to-month,51.92,180.6,2,0
146,Male,65,Rural,39,Two-year,85.85,35.4,1,1
1089,Female,33,Rural,4,One-year,108.7,18.6,2,1
374,Female,43,Metro,9,One-year,78.74,12.0,2,1
1421,Male,20,Seoul,58,One-year,38.06,26.5,2,1
1143,Female,21,Metro,46,One-year,79.87,141.0,0,0
1827,Female,52,Rural,25,Month-to-month,82.8,155.3,3,1
1495,Female,65,Seoul,23,Month-to-month,94.48,153.1,1,0
1602,Male,64,Seoul,54,One-year,114.96,94.7,2,1
1271,Female,42,Metro,9,One-year,100.71,58.4,1,1
10,Female,42,Rural,54,Month-to-month,59.11,144.0,0,0
450,Female,59,Rural,59,One-year,108.68,137.2,2,1
709,Female,36,Metro,47,Two-year,84.9,183.6,3,0
256,Male,49,Metro,19,One-year,67.36,140.0,3,1
883,Male,40,Seoul,33,Month-to-month,95.96,52.6,1,1
390,Male,69,Seoul,40,One-year,34.83,40.5,1,0
909,Male,38,Metro,9,One-year,102.14,189.0,0,1
925,Male,56,Rural,54,Month-to-month,88.36,13.7,0,1
1704,Male,60,Rural,24,Month-to-month,109.42,70.6,2,0
1233,Male,61,Seoul,54,One-year,69.48,84.6,1,0
461,Female,32,Rural,55,One-year,84.35,62.9,3,0
1270,Female,27,Metro,50,Month-to-month,113.25,59.9,5,1
1760,Male,20,Seoul,4,One-year,112.93,186.9,2,1
1169,Male,52,Seoul,51,Month-to-month,95.78,70.5,1,0
959,Female,65,Rural,16,One-year,93.98,197.5,3,0
502,Male,45,Metro,4,One-year,35.92,161.9,3,0
740,Female,32,Rural,36,Two-year,107.2,134.9,4,1
1850,Female,21,Seoul,20,One-year,72.4,32.5,4,0
869,Male,68,Seoul,2,Month-to-month,119.29,125.5,2,1
732,Male,21,Seoul,37,Month-to-month,109.82,139.7,1,1
540,Female,68,Metro,34,Month-to-month,62.35,128.2,2,0
1202,Female,24,Rural,57,Two-year,40.17,99.3,3,0
698,Female,66,Rural,56,Month-to-month,56.77,133.2,1,0
1393,Female,34,Rural,21,Month-to-month,100.02,197.4,1,1
1377,Female,41,Rural,4,Month-to-month,43.87,162.5,3,0
1146,Female,50,Metro,49,One-year,30.46,121.5,0,1
1032,Female,40,Rural,29,Two-year,96.6,161.0,0,0
373,Female,44,Rural,30,Month-to-month,111.54,78.7,0,1
668,Female,69,Metro,6,Two-year,43.48,180.4,4,0
1526,Male,34,Seoul,48,Month-to-month,73.95,51.6,1,1
358,Female,40,Rural,40,Two-year,67.27,148.9,1,0
968,Female,52,Rural,18,Two-year,67.23,116.8,2,1
784,Female,30,Seoul,37,One-year,34.49,17.0,1,1
736,Male,52,Seoul,29,Two-year,81.76,168.1,2,0
1036,Female,37,Metro,22,One-year,66.16,175.8,3,0
971,Female,58,Seoul,23,Month-to-month,75.8,159.1,1,0
1525,Male,46,Metro,34,Month-to-month,99.27,166.3,3,1
1487,Male,43,Seoul,17,Two-year,106.85,132.6,3,1
1524,Male,66,Rural,57,One-year,116.54,67.9,1,1
1491,Male,38,Seoul,14,One-year,38.56,140.9,0,0
1643,Male,60,Metro,44,Month-to-month,77.46,140.8,3,0
1253,Female,41,Rural,27,Month-to-month,32.02,169.8,4,0
1694,Male,65,Rural,3,Month-to-month,80.0,183.7,3,0
1750,Male,22,Metro,10,Month-to-month,82.19,85.1,1,1
1237,Male,36,Seoul,23,Two-year,107.26,105.3,2,1
886,Male,28,Seoul,41,Month-to-month,55.64,116.4,2,0
80,Female,63,Seoul,55,Two-year,118.05,49.8,2,1
1173,Male,59,Rural,53,Month-to-month,107.81,187.3,1,0
815,Female,42,Rural,2,Month-to-month,78.19,114.9,0,1
1286,Female,30,Rural,28,One-year,36.46,164.0,0,1
672,Female,44,Rural,47,One-year,62.31,195.0,1,0
1532,Female,28,Metro,24,Two-year,94.9,103.2,2,1
58,Male,64,Seoul,17,Month-to-month,82.32,61.6,2,1
134,Male,65,Metro,57,One-year,64.5,197.1,3,0
1141,Female,48,Rural,19,One-year,97.71,57.5,3,1
934,Male,33,Seoul,12,Two-year,106.55,134.1,3,1
1685,Male,29,Seoul,11,One-year,118.77,90.6,2,1
824,Male,62,Seoul,31,Two-year,89.99,16.9,1,1
1215,Female,36,Seoul,17,Month-to-month,112.36,107.3,1,1
505,Male,61,Rural,28,Month-to-month,64.98,174.8,4,0
1775,Male,30,Seoul,5,Two-year,108.0,149.1,0,1
348,Female,33,Seoul,59,One-year,67.3,42.3,0,0
387,Male,34,Metro,1,Month-to-month,94.63,65.8,1,1
1025,Female,59,Metro,40,Month-to-month,93.82,183.7,2,0
895,Female,35,Rural,57,Two-year,106.9,113.8,1,1
829,Male,55,Rural,55,One-year,114.22,69.7,3,1
1893,Male,38,Metro,27,Two-year,38.44,116.9,2,0
476,Female,59,Metro,48,Two-year,93.21,191.1,1,0
1471,Male,29,Seoul,24,Two-year,119.67,24.4,1,1
1448,Female,33,Rural,4,Month-to-month,107.47,142.3,1,1
1582,Female,43,Rural,55,Month-to-month,115.63,175.6,3,1
653,Male,56,Metro,57,Two-year,84.18,89.4,4,1
173,Male,57,Rural,24,One-year,31.43,103.4,3,0
1150,Male,29,Rural,35,One-year,96.26,78.4,2,0
39,Male,67,Metro,20,Month-to-month,39.17,157.5,3,0
714,Female,68,Rural,16,One-year,50.45,159.0,2,1
91,Female,54,Seoul,46,Two-year,56.86,190.8,4,0
1937,Male,23,Seoul,1,One-year,87.01,120.0,3,1
1206,Female,45,Metro,29,Two-year,109.8,49.1,2,1
876,Male,20,Metro,38,One-year,48.06,147.5,0,0
1352,Female,51,Seoul,33,One-year,75.82,141.8,1,0
1890,Male,55,Metro,45,One-year,64.98,149.5,2,0
1094,Male,21,Rural,27,Month-to-month,71.41,152.1,2,0
1156,Male,34,Seoul,47,Two-year,86.16,130.3,1,0
1782,Female,32,Metro,13,Month-to-month,72.3,166.3,2,0
1959,Male,67,Rural,59,One-year,101.08,183.6,2,0
500,Female,25,Metro,28,Two-year,44.73,187.5,3,0
339,Female,60,Rural,55,Month-to-month,91.43,116.1,3,1
1189,Male,26,Rural,46,Month-to-month,71.05,187.6,2,0
29,Female,36,Metro,59,One-year,90.23,61.7,3,1
1218,Female,30,Seoul,46,Month-to-month,69.48,143.2,2,0
1400,Male,56,Rural,28,One-year,61.37,74.4,2,1
1821,Male,49,Metro,14,Two-year,51.53,59.3,3,1
946,Male,68,Metro,24,One-year,70.11,38.0,2,1
170,Female,22,Metro,35,Two-year,89.91,138.8,1,0
1405,Female,48,Seoul,49,Two-year,80.4,130.4,3,1
1198,Male,40,Metro,50,Month-to-month,45.82,53.1,1,0
1254,Female,27,Rural,52,Two-year,83.99,107.6,1,0
1614,Male,25,Seoul,22,One-year,58.13,53.3,2,1
913,Male,69,Metro,10,Two-year,107.3,74.3,1,1
492,Male,47,Metro,37,Two-year,86.69,103.1,1,1
954,Female,57,Metro,36,Month-to-month,30.42,69.7,2,0
1098,Female,37,Seoul,13,Month-to-month,77.17,172.3,1,0
1033,Male,39,Metro,6,One-year,57.88,31.4,1,1
588,Male,57,Seoul,1,One-year,35.4,72.5,2,1
751,Female,57,Metro,19,Month-to-month,42.86,64.6,2,1
658,Male,54,Metro,11,Two-year,95.19,186.2,0,1
235,Female,52,Metro,47,One-year,64.14,75.0,1,0
733,Male,69,Metro,27,Month-to-month,110.0,143.1,0,0
1989,Male,59,Rural,50,Two-year,31.65,84.6,2,0
1633,Female,22,Seoul,18,One-year,38.3,99.5,1,0
1157,Female,28,Metro,56,Two-year,86.35,89.8,5,1
1470,Male,40,Rural,22,Two-year,58.84,198.1,3,0
1425,Female,51,Seoul,59,Month-to-month,57.44,68.0,2,0
1628,Male,33,Metro,23,Two-year,34.55,65.2,1,0
935,Female,32,Metro,37,Two-year,109.01,105.4,3,1
1210,Male,37,Seoul,14,One-year,53.86,106.1,2,1
1066,Male,41,Metro,47,Two-year,71.72,65.6,3,1
109,Female,68,Rural,44,Month-to-month,103.65,152.2,2,0
1543,Female,64,Metro,47,Two-year,105.23,39.6,2,1
569,Male,37,Rural,59,Month-to-month,30.14,64.8,2,0
1168,Female,35,Seoul,43,Two-year,58.66,50.0,0,0
1175,Male,56,Metro,16,Month-to-month,69.47,51.6,3,1
891,Male,43,Seoul,54,One-year,32.68,165.3,1,0
948,Female,58,Metro,34,One-year,81.24,21.9,2,1
1049,Male,69,Seoul,11,Two-year,43.83,143.5,3,0
1353,Male,65,Rural,43,Two-year,104.67,178.0,3,0
1778,Male,20,Seoul,18,One-year,100.91,18.5,2,1
1447,Female,33,Metro,47,One-year,76.84,119.5,4,1
885,Female,47,Metro,56,Month-to-month,59.57,184.2,1,0
1673,Female,21,Rural,54,One-year,105.76,175.4,2,0
851,Male,49,Seoul,24,Two-year,82.7,76.9,1,1
735,Female,28,Metro,52,Month-to-month,33.16,189.1,2,0
718,Female,44,Seoul,45,Two-year,54.04,174.1,1,1
455,Male,52,Metro,57,One-year,47.84,59.4,2,0
265,Male,31,Seoul,15,One-year,40.4,57.0,2,1
76,Female,52,Seoul,49,One-year,111.75,39.1,3,1
1658,Male,41,Seoul,9,Two-year,40.79,168.3,0,0
445,Female,41,Metro,5,Month-to-month,36.8,104.5,3,1
396,Female,22,Rural,42,Month-to-month,95.96,116.9,3,1
177,Male,28,Rural,2,One-year,70.51,13.7,5,1
1043,Male,57,Seoul,55,Two-year,53.35,56.4,4,1
1736,Female,28,Rural,34,One-year,113.55,41.0,1,1
1402,Male,22,Seoul,28,Two-year,37.21,120.2,3,0
1381,Female,41,Rural,49,One-year,92.47,94.2,4,1
596,Female,21,Metro,42,One-year,69.39,162.9,1,0
62,Male,62,Rural,50,Month-to-month,62.53,31.4,2,1
1297,Male,29,Metro,39,Month-to-month,107.1,132.3,1,1
873,Female,39,Metro,54,Two-year,108.55,168.8,0,0
1490,Male,37,Metro,48,Month-to-month,30.72,81.0,2,0
1879,Female,34,Seoul,54,Month-to-month,118.6,16.6,3,1
279,Male,64,Seoul,23,Month-to-month,60.69,101.2,3,1
37,Female,26,Metro,21,One-year,37.12,50.6,1,1
1976,Male,42,Rural,52,Two-year,41.57,78.9,3,0
663,Male,68,Rural,35,One-year,69.42,192.5,3,0
1954,Female,65,Seoul,38,Month-to-month,48.86,169.0,2,0
1445,Male,31,Metro,58,One-year,103.58,199.9,2,0
978,Female,46,Metro,4,Month-to-month,111.25,111.0,0,1
1572,Female,60,Metro,51,Month-to-month,32.57,169.4,1,0
739,Male,67,Seoul,6,Two-year,79.47,50.6,0,1
192,Male,61,Rural,37,One-year,75.7,66.0,2,1
920,Female,52,Metro,2,Month-to-month,63.95,38.1,3,1
457,Female,60,Rural,14,One-year,119.95,59.7,3,1
676,Male,50,Rural,12,Month-to-month,57.52,192.6,3,0
761,Female,30,Metro,52,Two-year,95.24,144.5,2,0
1808,Male,30,Metro,9,Two-year,107.02,187.5,1,0
1603,Female,55,Seoul,22,One-year,34.31,52.7,1,0
729,Male,60,Seoul,13,Month-to-month,51.93,59.1,4,1
413,Female,43,Seoul,13,Two-year,101.67,171.5,2,1
1099,Female,33,Seoul,57,One-year,55.47,162.5,1,0
826,Female,66,Seoul,24,One-year,75.78,65.9,2,1
1640,Female,44,Metro,23,One-year,40.14,199.0,5,0
617,Male,33,Seoul,25,Month-to-month,53.26,129.8,3,0
115,Male,23,Seoul,33,Month-to-month,55.36,191.3,0,0
418,Female,27,Rural,14,One-year,32.12,90.5,3,1
1911,Female,38,Seoul,51,One-year,66.72,151.1,2,0
970,Male,60,Rural,3,Month-to-month,63.76,74.8,3,1
605,Male,24,Metro,59,Month-to-month,73.46,134.5,3,0
1919,Male,38,Metro,26,One-year,103.0,129.8,2,1
90,Female,51,Metro,29,One-year,37.38,186.9,2,0
849,Male,61,Rural,2,Two-year,90.34,161.7,3,1
1520,Male,25,Rural,28,Two-year,80.53,121.6,1,1
1918,Female,28,Metro,51,One-year,56.31,183.0,3,0
754,Female,53,Metro,13,One-year,87.54,54.3,5,1
499,Male,23,Rural,16,Two-year,105.31,13.4,0,1
1277,Male,43,Rural,50,One-year,37.17,159.4,1,0
1326,Male,59,Seoul,44,Month-to-month,90.17,124.4,0,0
12,Male,35,Metro,16,Month-to-month,78.29,67.7,1,1
397,Female,39,Rural,54,One-year,75.75,137.5,2,0
285,Female,26,Seoul,1,Two-year,105.2,178.3,0,0
1067,Male,62,Seoul,1,One-year,109.91,78.0,1,1
1192,Male,24,Seoul,28,Month-to-month,118.33,46.4,1,1
1745,Female,25,Metro,48,Two-year,60.74,169.4,1,0
691,Female,40,Metro,46,Two-year,53.49,181.8,1,1
1753,Female,46,Seoul,52,Month-to-month,42.01,96.9,2,0
1876,Female,28,Metro,25,Two-year,63.72,148.4,2,0
690,Female,69,Metro,55,One-year,33.91,85.8,4,0
852,Female,37,Seoul,4,Month-to-month,83.22,66.8,1,1
160,Female,28,Seoul,22,Month-to-month,119.42,79.5,4,1
896,Female,68,Seoul,20,Month-to-month,30.44,77.7,2,0
1576,Male,39,Rural,23,One-year,65.33,144.9,6,0
258,Female,50,Seoul,24,Two-year,46.88,136.9,3,0
336,Female,36,Rural,52,Month-to-month,69.81,50.1,1,1
1880,Male,37,Rural,40,One-year,56.8,64.7,1,1
1040,Male,52,Rural,27,Month-to-month,30.26,33.8,2,0
516,Male,65,Metro,31,Month-to-month,89.26,141.3,0,0
1349,Female,39,Seoul,12,Two-year,47.55,122.1,1,0
1016,Female,31,Metro,31,Month-to-month,64.85,116.2,2,0
769,Female,31,Seoul,6,Month-to-month,112.37,150.5,1,0
1747,Female,21,Rural,39,One-year,80.75,148.1,3,0
762,Female,20,Seoul,47,One-year,40.28,152.1,1,0
1247,Female,59,Seoul,10,One-year,42.85,39.3,1,1
1204,Female,32,Rural,25,One-year,98.18,170.2,0,0
1468,Female,59,Rural,34,Two-year,118.54,166.8,1,0
1984,Male,60,Seoul,17,Two-year,31.7,187.2,3,0
522,Male,63,Metro,7,Two-year,48.6,178.0,1,1
23,Female,45,Seoul,35,Month-to-month,86.01,170.2,3,0
357,Female,48,Seoul,1,One-year,108.14,18.6,0,1
1278,Male,36,Rural,52,One-year,34.37,117.6,1,0
1313,Male,68,Rural,36,One-year,56.36,59.1,1,1
1683,Male,59,Metro,41,Month-to-month,59.0,140.3,2,0
341,Male,34,Rural,5,Month-to-month,51.37,31.1,1,1
432,Female,57,Seoul,53,Month-to-month,109.87,99.9,2,1
474,Female,63,Seoul,32,One-year,115.34,111.2,4,1
218,Male,64,Rural,28,Two-year,73.53,189.9,3,0
912,Male,52,Rural,9,One-year,91.25,40.0,1,1
1228,Female,48,Metro,38,One-year,39.67,95.8,1,1
1597,Female,44,Rural,40,Month-to-month,64.46,23.0,3,0
1012,Male,35,Seoul,15,Two-year,89.52,17.8,1,1
1950,Male,49,Seoul,27,One-year,110.0,166.6,0,0
94,Female,48,Seoul,13,Month-to-month,55.03,150.4,4,0
1009,Female,35,Seoul,40,Two-year,93.52,81.0,3,1
1071,Male,61,Rural,20,One-year,71.41,120.4,2,1
1093,Female,54,Rural,38,One-year,66.61,161.0,4,0
1915,Female,64,Metro,11,One-year,73.08,186.7,2,0
1309,Male,21,Seoul,2,Month-to-month,61.41,112.8,1,0
697,Male,24,Seoul,17,Two-year,66.08,89.2,3,1
1828,Female,40,Rural,31,One-year,86.19,14.2,1,1
997,Male,53,Rural,44,Month-to-month,108.97,143.4,4,1
154,Male,25,Rural,21,Month-to-month,96.63,16.9,1,1
1100,Male,39,Rural,22,Two-year,33.42,17.9,3,1
1719,Female,42,Seoul,23,Two-year,73.16,174.4,1,1
1998,Male,23,Seoul,50,Two-year,105.51,101.1,2,1
790,Male,21,Rural,34,Month-to-month,82.93,156.6,0,0
581,Female,61,Rural,5,Two-year,97.28,191.0,0,0
704,Female,62,Seoul,16,Month-to-month,55.52,12.3,2,1
1213,Female,51,Metro,30,Two-year,108.75,34.0,3,1
1296,Female,27,Rural,17,One-year,104.24,169.8,2,1
1666,Female,20,Metro,48,Month-to-month,102.71,185.1,0,0
1261,Male,38,Rural,17,One-year,59.02,168.2,0,0
488,Female,31,Metro,13,Two-year,85.98,109.3,3,0
560,Female,34,Seoul,58,Two-year,96.92,31.9,0,1
1142,Male,62,Rural,6,Two-year,112.04,111.7,1,1
1120,Female,53,Seoul,28,One-year,117.25,103.7,3,1
802,Female,45,Seoul,35,Two-year,59.97,193.3,6,0
513,Male,44,Seoul,24,One-year,118.5,125.7,2,1
634,Male,62,Rural,25,One-year,100.15,197.4,0,0
1922,Male,57,Rural,54,One-year,90.23,13.5,2,1
1788,Female,46,Rural,41,Two-year,86.75,58.8,1,1
1546,Female,64,Rural,10,Month-to-month,74.31,14.0,2,1
1151,Male,44,Metro,40,Two-year,99.68,188.4,3,1
791,Female,65,Rural,13,Two-year,42.45,76.7,5,1
117,Male,56,Metro,52,One-year,76.73,192.8,2,0
741,Male,28,Metro,2,One-year,72.67,90.7,1,1
1691,Female,39,Seoul,14,One-year,113.66,71.9,2,1
1082,Male,61,Seoul,44,One-year,31.21,60.6,1,0
831,Male,34,Metro,4,One-year,102.85,55.0,1,1
120,Male,20,Rural,47,Two-year,41.13,129.1,2,0
657,Male,20,Rural,59,Month-to-month,53.68,68.1,3,1
1908,Male,65,Metro,24,One-year,118.44,118.9,3,0
636,Female,66,Rural,35,Month-to-month,117.54,168.5,2,1
370,Male,53,Rural,54,Month-to-month,58.01,110.3,3,0
269,Male,32,Rural,53,Two-year,90.58,34.7,2,0
656,Male,48,Rural,54,One-year,74.78,104.3,1,0
936,Male,44,Rural,28,One-year,79.45,147.1,2,0
823,Female,42,Seoul,53,Two-year,34.91,26.5,0,0
867,Male,50,Seoul,49,One-year,75.74,199.0,2,0
47,Female,58,Metro,49,Month-to-month,58.81,157.7,0,0
1374,Female,63,Rural,31,One-year,65.11,144.8,3,0
1709,Female,21,Rural,25,One-year,110.78,31.8,1,1
992,Female,63,Metro,14,Month-to-month,75.78,154.3,2,0
877,Female,63,Seoul,28,Month-to-month,94.36,168.2,0,1
774,Female,48,Seoul,20,Two-year,35.81,58.1,3,1
1220,Male,45,Seoul,52,One-year,67.83,81.3,3,1
2000,Male,31,Metro,55,Month-to-month,89.38,71.5,1,1
5,Male,38,Metro,30,Month-to-month,103.63,116.4,5,1
1004,Male,24,Seoul,5,One-year,92.45,116.2,1,1
1724,Female,24,Rural,51,One-year,55.15,90.1,2,1
264,Male,48,Metro,49,Month-to-month,59.5,48.8,1,1
1570,Female,55,Seoul,41,One-year,81.63,159.4,1,0
1831,Female,60,Metro,44,Two-year,86.79,133.2,2,0
444,Female,35,Metro,47,Two-year,74.17,60.6,3,1
1003,Male,55,Metro,34,Two-year,61.39,139.2,3,0
1078,Male,64,Seoul,3,Two-year,64.93,62.5,2,1
838,Male,33,Seoul,17,Two-year,76.58,83.2,3,1
1791,Male,22,Metro,48,Two-year,113.94,30.2,1,1
305,Female,41,Seoul,46,Month-to-month,119.34,109.0,2,1
1366,Female,32,Seoul,18,Two-year,36.84,144.0,2,0
1558,Male,29,Rural,11,Two-year,51.46,89.1,4,1
314,Male,66,Seoul,5,Two-year,86.81,55.6,2,1
150,Female,45,Seoul,33,One-year,106.45,86.8,0,1
1149,Male,53,Metro,1,Month-to-month,118.57,160.7,2,1
1214,Female,55,Seoul,28,Month-to-month,37.45,176.3,3,0
575,Male,45,Rural,32,One-year,90.88,160.5,1,1
51,Male,58,Metro,17,Two-year,67.61,20.0,3,1
1553,Male,48,Metro,13,One-year,99.46,65.2,2,1
727,Male,67,Metro,52,One-year,43.86,22.1,8,1
834,Female,32,Rural,47,One-year,99.32,193.9,2,0
1378,Male,41,Rural,59,Two-year,107.01,163.7,4,1
1116,Male,60,Seoul,26,One-year,58.15,76.7,3,0
1167,Male,35,Metro,12,One-year,75.77,134.7,1,0
471,Male,34,Rural,20,One-year,118.37,151.2,3,1
972,Male,23,Seoul,32,Two-year,58.71,46.5,1,1
654,Male,39,Seoul,42,One-year,92.77,113.9,2,1
400,Male,44,Seoul,15,One-year,104.99,99.4,1,1
512,Female,32,Metro,8,Month-to-month,84.69,115.3,0,1
321,Female,48,Seoul,23,One-year,106.37,127.1,3,1
20,Male,45,Rural,6,One-year,53.96,138.1,1,1
685,Male,64,Rural,27,One-year,104.76,16.5,1,1
36,Male,34,Seoul,31,Month-to-month,98.81,151.6,3,1
903,Female,38,Rural,32,One-year,72.93,43.2,0,1
1779,Female,64,Rural,47,One-year,105.64,153.5,3,1
828,Female,44,Rural,11,Two-year,78.19,154.3,3,1
1854,Male,66,Rural,59,One-year,41.86,166.4,2,0
408,Female,28,Seoul,47,Two-year,106.41,78.0,0,1
921,Male,40,Seoul,1,One-year,111.3,91.3,1,1
538,Male,26,Rural,29,Two-year,96.19,110.7,3,1
759,Male,38,Metro,22,One-year,97.28,101.3,1,1
1905,Male,41,Rural,55,Two-year,93.7,152.2,2,0
1063,Male,37,Rural,1,Two-year,57.24,31.2,2,1
1200,Male,42,Metro,43,One-year,52.93,197.0,2,0
246,Female,26,Metro,3,One-year,117.49,94.1,3,1
1417,Male,20,Seoul,59,One-year,76.19,28.2,1,1
1128,Female,64,Seoul,12,One-year,59.42,86.4,1,1
785,Female,54,Rural,22,Two-year,84.31,111.7,6,1
1743,Female,61,Rural,32,One-year,116.36,170.0,4,1
490,Male,27,Rural,58,Two-year,97.47,39.6,3,1
155,Male,24,Rural,21,Two-year,40.62,114.7,1,0
962,Male,56,Seoul,25,Month-to-month,51.87,85.7,2,1
854,Male,68,Seoul,19,Month-to-month,97.07,11.6,3,1
1312,Female,22,Metro,30,Two-year,86.74,160.3,2,0
626,Female,24,Seoul,14,One-year,77.74,85.0,5,0
686,Female,35,Rural,15,Two-year,81.42,42.4,1,1
1562,Female,45,Seoul,53,One-year,81.54,143.7,2,0
570,Male,59,Seoul,3,Month-to-month,55.49,58.8,3,1
1909,Female,22,Metro,11,Month-to-month,65.92,51.8,1,1
18,Female,31,Metro,8,Month-to-month,98.63,166.0,1,0
128,Male,31,Seoul,32,One-year,70.82,69.4,3,1
1347,Male,41,Metro,54,One-year,100.52,147.2,2,0
1280,Female,39,Seoul,43,Month-to-month,70.11,70.5,1,1
1969,Male,36,Seoul,17,One-year,119.98,162.3,4,1
928,Female,47,Rural,31,Month-to-month,90.51,195.2,2,0
981,Female,27,Rural,51,One-year,40.11,114.4,3,0
1965,Male,28,Metro,36,One-year,100.63,161.5,1,0
191,Male,31,Seoul,55,Month-to-month,95.08,175.0,1,0
1140,Male,51,Rural,43,Month-to-month,45.51,188.4,1,1
993,Female,21,Seoul,7,Month-to-month,94.9,157.0,2,1
1956,Male,40,Metro,44,Two-year,111.39,27.4,1,1
1657,Female,58,Metro,27,Month-to-month,87.62,89.1,4,1
607,Male,59,Metro,9,One-year,111.82,186.2,3,1
181,Male,53,Rural,28,One-year,57.24,127.7,1,0
302,Male,46,Seoul,15,One-year,97.01,93.0,1,1
497,Male,39,Metro,40,Two-year,54.17,36.0,4,1
1721,Female,69,Rural,25,Two-year,38.28,36.8,2,1
1710,Female,44,Seoul,45,Month-to-month,53.82,86.2,2,0
1888,Female,57,Rural,42,One-year,69.22,89.5,1,0
1992,Male,39,Metro,50,Month-to-month,85.39,120.1,1,0
518,Female,64,Seoul,39,One-year,80.37,32.1,2,1
1985,Female,38,Seoul,24,One-year,33.23,152.5,2,0
1070,Male,56,Seoul,29,Two-year,66.36,66.2,2,1
477,Male,30,Rural,44,One-year,106.68,29.2,2,0
158,Female,42,Seoul,56,One-year,32.47,68.0,0,0
1244,Male,52,Metro,49,Month-to-month,55.62,52.5,2,1
1196,Male,57,Rural,45,Month-to-month,73.02,97.3,2,1
17,Female,44,Seoul,55,Month-to-month,87.88,21.9,0,1
1536,Female,29,Metro,45,Month-to-month,101.04,79.0,2,1
1073,Female,66,Seoul,8,Two-year,55.54,164.2,2,0
1972,Male,51,Metro,5,One-year,82.78,159.5,2,0
547,Male,23,Seoul,56,One-year,108.12,43.6,3,1
1540,Male,62,Seoul,20,Two-year,68.48,77.9,2,1
659,Female,25,Seoul,16,Month-to-month,47.06,121.8,2,0
1626,Male,45,Seoul,43,Month-to-month,33.52,171.6,2,0
1020,Male,35,Seoul,19,One-year,90.83,32.5,2,0
1663,Female,65,Metro,21,Month-to-month,110.14,191.3,3,1
1505,Male,38,Seoul,14,One-year,54.45,168.1,2,0
960,Male,55,Metro,36,Month-to-month,117.6,115.8,3,1
1882,Female,25,Seoul,8,One-year,99.88,49.0,0,1
284,Male,49,Rural,48,Two-year,70.75,35.4,3,1
798,Male,21,Seoul,19,One-year,114.71,32.2,0,1
1627,Male,63,Seoul,43,Two-year,87.47,144.2,1,0
226,Female,32,Rural,8,One-year,39.44,79.7,2,1
27,Female,35,Seoul,12,Month-to-month,107.98,67.1,3,1
1771,Male,38,Rural,57,Month-to-month,31.31,188.5,1,1
438,Female,60,Metro,58,Two-year,64.85,142.6,1,0
1949,Female,67,Metro,7,Month-to-month,119.84,25.7,2,1
1389,Male,34,Seoul,42,Month-to-month,52.59,185.3,2,0
230,Male,43,Metro,4,One-year,31.38,148.1,1,0
38,Male,28,Seoul,58,Month-to-month,70.28,12.0,2,1
750,Female,23,Seoul,45,Month-to-month,69.77,91.0,1,0
1046,Male,55,Metro,44,Month-to-month,107.71,108.9,2,1
1399,Female,62,Metro,39,Month-to-month,32.18,136.3,2,0
470,Female,69,Seoul,19,Two-year,91.67,48.7,3,1
1693,Female,23,Rural,40,One-year,82.17,24.2,5,1
1968,Female,54,Metro,59,One-year,109.19,147.4,1,0
688,Male,61,Seoul,7,One-year,77.08,122.8,1,1
1844,Male,46,Rural,3,One-year,33.22,124.7,2,1
640,Female,68,Metro,10,Two-year,96.9,91.8,5,1
1713,Male,63,Metro,34,One-year,33.02,106.2,1,0
1219,Male,40,Metro,30,Month-to-month,98.43,186.1,1,0
1159,Female,38,Metro,11,Month-to-month,75.51,22.0,1,0
1416,Female,27,Rural,32,One-year,82.66,12.4,4,1
1528,Male,66,Seoul,26,One-year,79.43,132.0,1,0
1656,Male,60,Metro,6,One-year,98.04,40.8,3,1
1301,Male,67,Rural,48,Two-year,60.69,161.1,2,0
1823,Female,67,Metro,51,Month-to-month,85.36,16.1,1,0
801,Male,48,Metro,31,One-year,66.93,74.9,0,0
1604,Male,62,Metro,16,Month-to-month,106.52,148.1,1,1
161,Male,54,Metro,50,Two-year,45.74,55.9,3,1
957,Female,58,Metro,22,Two-year,109.4,50.9,1,1
1187,Female,41,Rural,49,One-year,116.57,113.7,2,1
822,Female,40,Metro,39,Two-year,38.98,125.0,3,0
1682,Female,66,Metro,50,One-year,45.71,107.9,2,0
878,Female,64,Rural,25,Two-year,58.35,48.2,0,1
914,Female,24,Seoul,32,Two-year,86.6,13.9,0,1
153,Male,22,Seoul,29,Month-to-month,118.3,86.5,1,1
1871,Male,33,Rural,36,One-year,66.85,86.1,1,0
1777,Female,35,Rural,15,Month-to-month,77.51,165.9,1,0
510,Female,42,Rural,3,Month-to-month,77.19,14.2,3,1
1136,Male,39,Rural,27,One-year,37.42,179.7,1,0
1251,Male,53,Metro,50,Two-year,117.13,88.8,3,1
1684,Male,57,Seoul,6,Month-to-month,117.69,133.4,0,0
104,Female,58,Rural,52,Month-to-month,95.05,116.6,2,1
1446,Male,36,Seoul,20,Month-to-month,105.87,60.0,4,1
1444,Male,45,Seoul,55,Month-to-month,68.85,135.7,3,0
587,Female,24,Seoul,22,One-year,104.3,60.9,2,1
1769,Male,25,Rural,15,One-year,84.24,23.3,4,0
1144,Male,42,Rural,52,One-year,77.44,139.1,2,0
54,Female,50,Seoul,33,Two-year,70.62,178.7,2,0
152,Male,68,Metro,58,One-year,72.42,88.9,1,0
404,Male,36,Rural,35,Month-to-month,87.04,151.8,1,0
1943,Female,65,Seoul,35,Month-to-month,59.17,196.5,2,0
208,Female,25,Metro,36,Month-to-month,112.86,120.7,3,0
1895,Male,33,Metro,34,One-year,80.78,51.3,4,1
1123,Male,53,Metro,56,Two-year,39.46,162.5,3,1
1891,Female,27,Rural,13,Two-year,67.44,119.2,3,1
9,Male,36,Seoul,45,One-year,48.92,65.6,5,1
1015,Male,35,Seoul,53,Month-to-month,92.1,171.9,2,0
1907,Male,38,Seoul,46,Month-to-month,110.69,194.1,3,0
1061,Male,45,Seoul,46,One-year,70.28,186.2,1,1
453,Female,52,Rural,4,Month-to-month,52.72,20.1,2,1
254,Male,51,Seoul,40,Two-year,95.63,148.8,2,0
1328,Male,32,Metro,24,One-year,84.61,159.3,1,0
897,Female,45,Rural,50,Month-to-month,114.3,11.4,1,1
1734,Female,40,Rural,55,Month-to-month,39.87,158.0,1,0
881,Male,32,Rural,42,Month-to-month,53.76,131.1,2,0
1596,Female,61,Seoul,35,One-year,74.03,90.0,4,1
1889,Male,33,Metro,17,Two-year,50.18,157.9,2,0
624,Female,60,Metro,25,One-year,35.14,118.6,1,0
346,Male,21,Seoul,37,Month-to-month,38.5,85.7,0,0
1703,Male,46,Seoul,52,One-year,42.74,135.4,3,0
263,Male,32,Seoul,16,Month-to-month,55.84,146.1,3,0
1635,Male,45,Metro,15,Two-year,61.26,83.5,2,1
1322,Male,40,Rural,26,Two-year,69.77,76.0,2,1
1439,Female,32,Metro,29,Month-to-month,34.96,116.2,4,1
151,Male,60,Seoul,32,Month-to-month,77.96,176.3,3,0
473,Male,61,Rural,35,Two-year,109.49,154.2,2,0
641,Female,68,Seoul,35,One-year,69.43,98.8,2,1
1983,Female,34,Seoul,31,Month-to-month,53.33,168.0,1,0
1883,Male,46,Metro,18,One-year,97.42,145.3,3,1
551,Male,43,Rural,4,Two-year,86.11,135.7,1,1
1780,Female,40,Seoul,2,Month-to-month,88.32,60.7,0,1
929,Female,26,Rural,57,One-year,77.81,124.7,2,0
489,Male,27,Seoul,6,Two-year,78.61,158.6,2,0
1812,Male,63,Seoul,54,Month-to-month,102.06,157.5,3,1
1172,Male,58,Rural,46,Two-year,36.31,30.6,3,1
147,Male,29,Seoul,43,Two-year,87.45,69.0,4,1
1705,Male,59,Seoul,45,Two-year,82.42,155.8,2,0
1929,Female,44,Metro,20,Month-to-month,72.55,79.8,2,1
403,Male,26,Rural,38,Two-year,95.45,194.2,5,0
955,Male,61,Seoul,45,Two-year,36.52,163.9,2,0
1878,Female,32,Rural,47,Month-to-month,68.7,73.7,2,1
660,Female,56,Metro,49,Month-to-month,110.3,87.5,3,1
1373,Female,42,Rural,59,Month-to-month,88.93,113.9,3,1
464,Male,58,Seoul,43,Two-year,32.96,148.8,0,0
1350,Male,40,Metro,55,Two-year,116.45,142.1,3,0
187,Female,28,Seoul,38,One-year,30.9,196.7,2,0
1148,Female,38,Seoul,28,One-year,47.77,100.3,3,1
1225,Male,59,Seoul,56,Two-year,106.88,130.0,2,1
609,Female,55,Metro,10,Month-to-month,99.22,79.7,1,1
144,Female,48,Rural,51,Two-year,47.55,100.3,3,0
752,Male,38,Seoul,23,Month-to-month,98.78,40.5,2,1
1535,Male,24,Rural,30,Two-year,113.8,64.1,5,1
982,Female,57,Rural,14,Month-to-month,36.81,138.9,1,0
198,Female,30,Rural,49,Month-to-month,62.41,48.9,1,1
1634,Male,42,Rural,23,Two-year,95.66,184.4,2,0
884,Female,41,Seoul,13,One-year,60.27,28.7,3,1
280,Female,54,Rural,4,One-year,110.96,165.0,1,1
294,Female,48,Rural,20,Month-to-month,35.62,147.4,1,0
1824,Female,40,Seoul,5,Two-year,73.31,25.8,1,1
401,Female,49,Rural,17,Month-to-month,68.41,191.7,3,0
123,Female,28,Metro,35,One-year,58.94,159.4,1,0
1208,Female,64,Seoul,33,Two-year,50.21,112.2,1,0
203,Male,27,Rural,52,Month-to-month,47.91,142.1,1,0
1463,Male,54,Rural,57,Two-year,71.28,63.8,2,1
836,Female,38,Seoul,12,Two-year,51.07,36.0,5,1
247,Male,24,Seoul,58,Month-to-month,44.32,58.1,4,1
1440,Male,28,Metro,19,Two-year,109.91,21.3,3,1
1754,Male,69,Seoul,18,One-year,102.53,108.4,2,1
1902,Male,45,Metro,6,One-year,104.3,48.1,2,0
1708,Female,68,Metro,36,Month-to-month,106.03,109.4,2,1
1881,Female,52,Seoul,51,Two-year,83.97,156.0,2,0
1154,Female,69,Metro,52,One-year,81.45,16.0,5,1
1662,Male,25,Rural,31,Two-year,31.8,107.1,0,0
1427,Male,53,Seoul,3,One-year,107.76,131.9,3,1
385,Male,48,Metro,25,Two-year,90.97,112.2,1,0
1759,Male,47,Seoul,15,Month-to-month,31.24,132.1,0,0
855,Male,32,Rural,26,Two-year,76.3,25.7,4,1
1590,Female,47,Metro,52,Month-to-month,86.74,39.8,3,1
220,Male,48,Seoul,42,Two-year,101.01,176.2,3,0
642,Female,63,Rural,11,Month-to-month,103.6,55.6,4,1
2,Female,31,Rural,56,Two-year,115.8,140.5,5,1
113,Female,49,Metro,52,Month-to-month,68.6,155.0,3,0
699,Female,41,Seoul,36,Two-year,91.36,68.8,1,1
1916,Female,26,Metro,38,Two-year,34.02,75.3,4,1
952,Female,23,Seoul,56,One-year,83.37,193.2,1,0
1649,Male,41,Metro,51,One-year,41.59,124.6,2,0
1637,Male,43,Seoul,21,Month-to-month,63.56,162.6,3,0
1886,Female,53,Rural,52,Two-year,108.41,59.7,3,1
1411,Female,56,Metro,5,Month-to-month,57.13,85.2,1,1
1410,Female,44,Rural,32,Two-year,92.07,110.0,2,0
1534,Male,35,Rural,39,Two-year,116.32,168.1,1,0
1292,Male,24,Seoul,59,One-year,34.54,107.5,2,0
1809,Female,21,Rural,52,One-year,91.28,72.2,1,1
442,Female,51,Metro,34,Month-to-month,96.13,145.4,0,0
1521,Female,23,Rural,33,Two-year,46.73,21.7,3,1
1137,Male,37,Seoul,11,One-year,98.91,146.6,5,1
1716,Female,54,Seoul,34,Month-to-month,101.62,105.4,2,1
1257,Female,36,Seoul,44,Two-year,35.04,95.1,0,0
1864,Female,44,Rural,55,Two-year,105.29,149.8,4,1
1632,Male,24,Seoul,43,Two-year,90.88,63.0,3,1
1696,Female,34,Metro,53,Month-to-month,74.93,192.8,0,0
1398,Male,41,Metro,14,One-year,110.54,164.4,6,1
664,Female,33,Seoul,53,Month-to-month,66.79,104.9,4,1
1836,Female,67,Seoul,25,One-year,106.93,196.2,1,0
1258,Male,42,Rural,53,Two-year,73.21,45.9,1,1
1774,Female,31,Rural,55,One-year,114.26,134.8,7,1
1701,Male,47,Rural,18,Two-year,81.26,62.2,3,0
318,Male,54,Metro,48,One-year,31.22,198.7,7,0
649,Female,69,Rural,55,Month-to-month,53.03,105.9,0,0
1435,Female,46,Rural,12,Two-year,43.36,197.0,0,1
1480,Female,48,Rural,8,One-year,92.84,168.7,1,0
710,Female,45,Seoul,12,One-year,64.42,89.0,2,1
1383,Male,48,Rural,29,Month-to-month,56.83,173.9,1,1
1283,Male,50,Seoul,14,Two-year,41.1,154.1,4,0
973,Male,32,Seoul,45,One-year,117.21,131.3,1,1
628,Female,27,Metro,57,Month-to-month,83.12,154.2,2,0
633,Male,47,Metro,41,One-year,88.67,120.6,5,1
1307,Female,44,Metro,22,One-year,110.62,129.7,3,1
1401,Male,52,Seoul,32,Two-year,94.96,23.4,2,0
1409,Male,66,Rural,22,Two-year,31.65,34.5,3,1
1249,Female,47,Metro,7,Month-to-month,44.81,74.3,1,1
1953,Male,30,Rural,16,Month-to-month,88.3,25.2,1,1
1255,Male,68,Seoul,33,One-year,92.59,36.4,3,1
1497,Female,41,Seoul,6,One-year,108.99,25.6,3,0
1372,Male,26,Metro,44,Month-to-month,54.27,31.6,3,1
1530,Female,30,Seoul,6,Two-year,100.55,51.3,2,1
1664,Male,25,Seoul,26,One-year,81.24,100.9,2,1
1355,Female,40,Rural,15,Two-year,68.23,82.8,2,0
1926,Male,49,Rural,59,Month-to-month,84.81,38.5,2,1
1901,Female,33,Seoul,23,Month-to-month,81.41,50.9,1,1
1644,Female,52,Rural,18,Month-to-month,109.77,66.0,3,1
1849,Male,53,Metro,54,Two-year,105.47,78.1,5,1
796,Male,27,Metro,7,Month-to-month,66.0,95.9,1,1
646,Male,25,Metro,22,One-year,36.24,163.9,1,0
1013,Female,31,Rural,43,One-year,65.28,57.7,2,1
1840,Male,63,Metro,28,One-year,65.31,79.2,0,0
557,Female,53,Rural,18,Month-to-month,92.67,165.0,4,1
682,Male,57,Seoul,26,Two-year,88.17,52.0,2,1
578,Female,67,Rural,17,Month-to-month,40.5,102.7,2,1
1110,Male,20,Seoul,52,Month-to-month,54.79,108.7,0,0
1267,Male,56,Rural,1,Month-to-month,52.86,153.9,3,0
1723,Male,38,Rural,54,Month-to-month,69.35,133.1,3,0
1184,Female,26,Rural,4,Two-year,102.7,156.4,1,1
525,Female,37,Seoul,51,One-year,38.18,19.2,0,0
1060,Female,42,Metro,20,Month-to-month,42.19,198.4,2,0
541,Male,49,Rural,43,Two-year,107.25,194.0,1,0
1195,Female,40,Rural,23,Month-to-month,73.69,137.7,5,1
1679,Female,41,Rural,2,One-year,105.22,120.0,0,1
749,Male,65,Metro,30,Month-to-month,109.97,32.9,3,1
1852,Male,59,Metro,19,One-year,51.29,159.6,4,0
1431,Male,40,Rural,29,Two-year,85.46,11.5,1,1
485,Male,51,Metro,35,One-year,79.24,182.5,1,0
1758,Male,52,Seoul,31,One-year,34.18,137.4,3,0
96,Female,48,Metro,21,Month-to-month,74.78,95.1,2,1
1021,Male,49,Rural,46,Two-year,52.39,154.5,3,0
564,Male,58,Seoul,10,One-year,56.51,22.5,1,1
1265,Female,20,Rural,26,Two-year,86.56,51.1,2,1
743,Female,50,Metro,32,Two-year,30.99,163.2,2,0
864,Female,29,Metro,3,One-year,92.08,37.4,5,1
1599,Female,25,Seoul,38,Two-year,104.22,96.5,0,1
1715,Female,61,Rural,16,One-year,92.53,183.2,4,1
1485,Male,35,Metro,12,Two-year,82.43,70.0,0,0
892,Male,61,Seoul,16,One-year,30.88,187.3,1,0
1578,Female,44,Metro,54,Two-year,104.9,93.4,4,1
1039,Male,51,Metro,5,One-year,85.52,79.9,2,1
207,Female,37,Seoul,41,Two-year,42.71,154.0,4,0
393,Female,48,Seoul,1,One-year,92.12,121.6,2,1
795,Male,45,Metro,31,Month-to-month,54.7,92.8,2,0
871,Male,61,Metro,16,Month-to-month,63.33,96.3,3,0
398,Female,65,Metro,42,Month-to-month,119.26,143.6,1,0
767,Male,34,Metro,19,One-year,45.8,50.5,1,1
1842,Female,49,Metro,55,One-year,41.3,57.3,1,0
1242,Female,67,Seoul,17,One-year,36.58,28.7,2,1
1029,Male,63,Metro,35,One-year,36.6,123.7,2,0
1793,Male,23,Rural,9,Two-year,55.95,17.8,3,1
643,Female,47,Seoul,11,One-year,79.44,180.0,1,0
1892,Female,54,Metro,7,Month-to-month,97.2,166.2,4,1
613,Female,50,Rural,47,One-year,115.0,153.0,2,1
1763,Male,51,Rural,45,Two-year,103.38,74.9,1,0
961,Male,59,Seoul,56,Month-to-month,101.15,62.8,1,1
1571,Female,25,Rural,1,Month-to-month,103.94,177.5,2,1
726,Male,33,Rural,46,Two-year,31.13,170.8,0,0
684,Female,42,Metro,27,Two-year,33.75,113.7,1,0
99,Female,63,Metro,48,One-year,36.9,171.6,3,0
805,Female,24,Seoul,31,One-year,91.95,77.7,0,1
1752,Female,22,Rural,57,One-year,90.68,90.8,1,1
1598,Male,32,Seoul,16,Two-year,49.99,107.0,1,0
407,Female,55,Seoul,8,Two-year,80.53,119.8,1,1
503,Male,22,Metro,45,Month-to-month,93.54,180.7,3,0
1072,Female,31,Rural,6,Two-year,31.37,189.4,2,0
1057,Female,20,Rural,26,Month-to-month,91.94,103.1,2,0
930,Male,51,Rural,14,Two-year,38.9,149.6,1,0
780,Male,54,Rural,5,Two-year,53.79,112.2,3,0
201,Male,34,Rural,58,Month-to-month,38.33,13.7,1,1
135,Male,43,Seoul,57,Month-to-month,105.34,15.5,3,1
1052,Male,60,Rural,54,One-year,83.17,36.3,3,1
41,Male,69,Seoul,22,Month-to-month,85.46,21.3,2,1
1018,Male,39,Seoul,17,One-year,105.23,86.4,3,1
231,Female,38,Rural,38,One-year,100.25,186.5,3,0
1514,Male,47,Metro,32,Month-to-month,54.86,196.3,6,0
1797,Male,45,Rural,35,One-year,65.96,135.2,2,1
379,Female,35,Metro,56,Two-year,75.32,174.0,3,1
289,Male,53,Metro,30,One-year,84.61,36.8,1,0
419,Female,40,Rural,45,Month-to-month,67.24,22.6,2,1
1699,Male,34,Seoul,24,Month-to-month,85.87,58.7,0,1
392,Male,22,Metro,47,Month-to-month,45.63,71.6,1,0
593,Male,58,Metro,11,Two-year,112.13,69.4,6,0
1523,Male,67,Seoul,46,Month-to-month,74.45,37.0,1,1
1163,Female,28,Metro,12,One-year,51.53,130.5,1,0
1087,Male,35,Rural,9,Two-year,35.24,146.5,2,0
1496,Male,38,Seoul,43,One-year,52.47,30.2,3,1
648,Male,39,Rural,7,One-year,84.87,189.9,0,0
1153,Female,30,Seoul,59,One-year,72.45,123.2,1,0
1368,Female,27,Seoul,38,One-year,45.85,121.3,2,0
521,Female,51,Seoul,8,Two-year,113.09,185.4,5,1
1863,Male,23,Seoul,44,Two-year,52.51,110.2,1,0
65,Male,42,Seoul,23,Month-to-month,82.6,134.0,0,1
1837,Female,41,Metro,13,One-year,113.66,177.6,1,0
15,Female,44,Metro,38,Two-year,84.7,29.4,1,1
1181,Female,69,Metro,57,Month-to-month,111.45,60.5,3,1
1065,Female,54,Metro,53,One-year,54.55,199.5,1,0
493,Male,39,Rural,48,Month-to-month,62.38,31.0,2,1
380,Male,46,Seoul,47,Two-year,35.41,95.3,5,1
188,Male,22,Rural,28,Two-year,109.42,47.6,2,1
764,Female,26,Metro,9,One-year,82.86,157.7,0,0
217,Female,59,Rural,59,Two-year,113.4,92.7,2,1
792,Female,28,Metro,42,One-year,68.35,164.3,1,0
1077,Female,37,Seoul,33,One-year,60.4,166.7,0,1
879,Male,61,Metro,32,Two-year,57.58,95.9,5,1
338,Male,32,Metro,8,Two-year,58.39,143.8,2,0
1773,Male,28,Metro,5,One-year,81.95,147.9,3,1
720,Female,23,Rural,37,Two-year,50.46,50.8,0,0
1749,Male,35,Rural,42,Two-year,95.43,128.2,1,0
296,Female,23,Metro,52,One-year,70.0,161.4,3,0
1726,Female,31,Rural,1,One-year,34.98,101.0,4,1
1017,Female,27,Seoul,35,Two-year,61.15,111.1,1,0
1276,Female,54,Rural,36,One-year,97.04,155.4,2,0
1751,Female,64,Rural,30,Two-year,44.63,156.0,2,0
1486,Male,23,Rural,25,Month-to-month,92.9,122.8,4,1
456,Male,52,Metro,14,One-year,42.96,121.7,4,1
1997,Female,47,Seoul,15,One-year,59.08,51.8,0,1
816,Male,25,Rural,24,One-year,100.96,153.0,7,1
1887,Female,65,Metro,19,Two-year,31.39,104.3,2,0
270,Male,65,Metro,44,One-year,119.17,72.3,2,1
996,Male,54,Rural,15,Month-to-month,72.53,81.0,0,1
202,Female,57,Metro,13,Two-year,39.08,35.7,1,1
162,Male,39,Rural,38,Two-year,90.54,137.7,3,1
1580,Male,40,Rural,18,One-year,95.98,103.0,1,1
730,Female,45,Rural,42,Two-year,72.17,181.1,0,0
402,Female,33,Metro,22,One-year,88.39,155.7,1,0
703,Male,45,Metro,26,One-year,67.37,160.2,8,1
1501,Male,49,Rural,25,One-year,114.0,131.2,6,1
1846,Male,52,Metro,35,Month-to-month,89.57,19.5,0,1
1796,Female,53,Rural,11,One-year,56.43,28.2,5,1
1130,Female,51,Metro,31,Two-year,93.09,114.6,1,1
566,Female,31,Seoul,6,Two-year,32.33,198.6,2,0
1414,Female,61,Seoul,42,Two-year,72.21,12.1,2,1
1022,Male,64,Seoul,54,Two-year,31.39,186.2,2,0
1026,Female,24,Rural,13,One-year,31.9,27.1,2,1
1412,Female,66,Seoul,23,One-year,86.34,44.3,4,1
1896,Male,39,Metro,36,Two-year,74.47,145.7,5,1
1586,Female,41,Rural,33,Two-year,67.09,77.0,1,1
1105,Female,44,Rural,45,Month-to-month,33.89,176.0,2,0
206,Male,45,Metro,17,Month-to-month,87.48,76.6,3,1
35,Female,33,Metro,41,One-year,112.58,96.3,1,1
776,Male,52,Rural,32,Two-year,78.96,122.2,1,0
509,Female,31,Seoul,31,Two-year,43.07,36.5,3,1
1452,Male,35,Metro,45,Month-to-month,99.78,83.3,1,1
1479,Female,23,Metro,46,One-year,104.97,63.7,4,1
1971,Male,43,Rural,48,Two-year,98.7,195.8,2,0
1391,Female,69,Rural,55,One-year,91.55,15.6,1,1
92,Female,58,Rural,30,Two-year,90.51,78.7,1,1
1364,Female,37,Metro,7,Two-year,44.6,166.2,1,1
898,Female,46,Metro,43,Two-year,39.57,21.6,2,1
565,Female,61,Metro,20,One-year,53.28,41.7,2,1
1370,Female,59,Metro,58,Month-to-month,93.54,149.7,1,0
777,Male,68,Rural,4,Month-to-month,80.38,23.3,0,1
242,Male,61,Seoul,14,One-year,74.4,69.5,3,1
14,Male,27,Seoul,32,One-year,49.17,198.3,3,0
316,Female,31,Metro,49,Two-year,80.9,121.4,3,1
601,Male,47,Seoul,14,Two-year,62.06,68.8,2,0
388,Male,46,Seoul,55,Two-year,82.33,62.7,2,1
1298,Male,57,Metro,48,Month-to-month,113.49,125.8,2,1
167,Female,37,Seoul,8,Two-year,48.26,104.9,3,1
841,Male,65,Seoul,28,Month-to-month,56.09,120.9,4,1
21,Female,60,Rural,14,One-year,32.82,20.7,3,1
647,Male,63,Seoul,45,Month-to-month,71.08,115.6,1,0
1843,Female,34,Metro,6,One-year,103.23,146.6,2,1
1509,Female,49,Seoul,57,Month-to-month,108.04,24.1,1,1
1155,Female,50,Metro,54,One-year,34.18,42.4,5,1
1529,Female,33,Seoul,8,Two-year,97.35,62.5,2,0
832,Male,23,Metro,7,One-year,102.01,129.2,2,1
1268,Female,27,Seoul,7,Month-to-month,118.39,77.8,1,1
1591,Female,33,Metro,49,One-year,96.08,191.1,2,0
1900,Female,43,Rural,18,Two-year,73.36,115.0,3,1
563,Male,25,Rural,37,Month-to-month,73.53,77.9,4,1
1952,Male,54,Metro,27,Month-to-month,80.69,47.8,2,1
687,Female,69,Seoul,8,One-year,84.67,104.9,3,1
958,Male,64,Rural,14,One-year,43.23,166.8,0,0
190,Female,53,Seoul,38,Two-year,59.85,20.7,3,1
1807,Female,63,Metro,56,Two-year,43.22,175.1,2,0
976,Female,24,Metro,59,Month-to-month,67.96,157.3,3,0
700,Male,66,Metro,21,One-year,48.7,125.2,0,0
1500,Male,31,Seoul,43,One-year,109.54,105.6,1,1
1706,Female,47,Metro,35,One-year,41.42,49.3,2,0
511,Male,31,Seoul,54,One-year,116.67,175.1,0,0
1083,Male,49,Rural,12,One-year,31.75,107.8,1,0
475,Male,68,Seoul,58,One-year,73.81,131.4,5,1
1585,Female,49,Rural,59,One-year,56.82,140.6,0,0
857,Male,45,Metro,40,Two-year,105.37,45.2,2,1
748,Male,57,Seoul,36,One-year,46.01,95.1,4,0
253,Female,29,Metro,20,Two-year,49.9,135.5,1,1
22,Male,64,Metro,32,Two-year,40.75,137.8,1,0
1338,Female,36,Metro,33,One-year,89.54,170.3,3,0
460,Male,52,Seoul,44,One-year,55.93,56.0,1,1
1185,Female,46,Rural,11,Month-to-month,62.08,128.1,3,1
277,Male,53,Metro,20,Two-year,34.58,123.4,3,0
956,Male,51,Seoul,36,One-year,56.13,60.6,1,1
1216,Male,54,Rural,3,Month-to-month,56.4,86.8,4,1
386,Female,27,Metro,12,Two-year,77.32,99.1,1,1
806,Female,53,Metro,19,Month-to-month,53.38,71.5,1,1
1438,Male,67,Seoul,13,Month-to-month,96.08,128.5,0,1
1516,Female,30,Rural,9,Month-to-month,50.27,190.5,1,0
344,Female,30,Rural,53,Month-to-month,54.05,34.1,2,1
770,Male,26,Rural,52,Month-to-month,71.87,89.4,0,0
1333,Male,51,Metro,31,One-year,84.69,104.8,3,1
1686,Male,54,Seoul,57,Month-to-month,76.13,90.7,0,0
131,Female,62,Metro,33,One-year,77.53,160.8,2,0
1688,Male,51,Rural,6,One-year,77.05,107.5,3,1
872,Female,55,Seoul,2,Two-year,50.35,55.4,2,1
1124,Male,23,Rural,19,One-year,91.96,55.4,5,1
1397,Male,32,Seoul,31,Two-year,55.46,177.0,4,0
88,Male,37,Metro,32,Month-to-month,108.96,148.8,2,1
1483,Female,43,Seoul,25,Month-to-month,57.76,33.0,5,1
331,Male,53,Metro,3,Two-year,91.65,30.0,2,1
1239,Male,60,Seoul,42,Month-to-month,81.25,95.2,1,1
467,Female,58,Metro,35,Month-to-month,35.62,150.4,4,0
122,Male,34,Metro,44,One-year,96.13,33.8,2,1
1639,Male,38,Rural,39,One-year,66.55,54.4,3,1
1045,Female,33,Metro,20,Month-to-month,70.88,14.1,0,1
1725,Female,30,Rural,9,Month-to-month,82.37,37.9,1,1
1096,Female,21,Metro,43,One-year,32.97,149.4,1,0
1131,Female,51,Seoul,55,Two-year,40.19,57.6,2,0
1295,Female,51,Metro,37,One-year,77.47,187.6,3,0
861,Female,26,Rural,45,Two-year,106.96,21.6,2,1
1460,Male,39,Metro,14,Month-to-month,105.02,38.7,1,1
1127,Female,23,Metro,51,Two-year,57.99,116.9,3,0
